id|userId|nickName|ratingAll|ratingLocation|ratingFacility|ratingService|ratingRoom|commentLevel|travelType|roomName|language|content|checkinDate|usefulCount|grade
645334957|"_FB236310****"|"Shokie"|5|5|5|5|5|Outstanding|"Solo travelers"|"Queen Room With Terrace"|"en"|"Beautiful service provided by the staff, even got a free coffee while at it. Thank you for the excellent service|"2022-10-05 23:59:00"|0|2
622585979|"_WeChat391807****"|"LUCA"|4.5|4|4|5|5|Very Good|"Business travelers"|"Multi-level Double Room"|"en"|"hotel was clean, just the amenities were not directly provided by the staff into the room but always need to ask. good hotel if you are on business trip in changing area|"2022-08-07 23:59:00"|0|2
640397743|"D39945****"|"GuestUser"|5|5|5|5|5|Outstanding|"Business travelers"|"Single Room"|"en"|"friendly and supportive staff ğŸ‘ğŸ‘ğŸ‘|"2022-09-20 23:59:00"|0|1
542388525|"_WeChat302896****"|"YOUSSEF"|1.5|2|1|1|2||"Couples"|"Multi-level Double Room"|"en"|"The service not so good |"2021-10-04 23:59:00"|0|1
499055424|"M281303****"|"GuestUser"|4.5|5|3|5|5|Very Good|"Business travelers"|"Queen Room With View"|"en"|"Good!|"2021-05-17 23:59:00"|0|1
644374929|"M299932****"|"AnonymousUser"|5|5|5|5|5|Outstanding|"Friends"|"Queen Room With Terrace"|"zh"|Hygiene: good Transportation: very close to the subway Good environment good service|"2022-10-01 00:00:00"|0|1
411045443|"M54975****"|"GuestUser"|1|1|1|1|1||"Business travelers"|"Queen Room With View"|"zh"|Really disgusting, stayed for a week, checked out at 2 this afternoon, and I discussed with the front desk if I could give you another 2 hours for a conference call, I was kicked out  I forgot to clean the room every day. Let me remind you, there is a lot of security at the door. Really rotten and never go again|"2020-03-12 23:59:00"|0|1
715660673|"_WeChat421163****"|"GuestUser"|5|5|5|5|5|Outstanding|"Business travelers"|"Multi-level Double Room"|"zh"|è€é—†éå¸¸å‹å¥½ï¼Œå‰å°çš„å°å§å§æ…‹åº¦ä¹Ÿéå¸¸å¥½ï¼Œæœƒæ»¿è¶³ä½æˆ¶çš„éœ€æ±‚ï¼Œä¾†åŒ—äº¬æ—…éŠéå¸¸å¥½çš„é«”é©—ã€‚æŒºé©åˆè¾¦å…¬äººäº‹å…¥ä½ï¼Œæ—©é¤ä¹Ÿéå¸¸å¥½ï¼|"2023-01-25 00:00:00"|0|1
650542905|"M267786****"|"GuestUser"|5|5|5|5|5|Outstanding|"Business travelers"|"Queen Room With View"|"zh"|é…’åº—å‰å°æœå‹™å¥½ï¼Œæ—©é¤æ™‚é–“ä¸ƒé»åˆ°åäºŒé»æ™‚é–“è¶…é•·ï¼Œå®¢æˆ¿å¤§å§æœå‹™ä¹Ÿç‰¹åˆ¥å¥½ï¼Œå‰å°é‚„æœ‰å•¤é…’ï¼Œå·¥ä½œç´¯äº†å¯ä»¥ä¾†ä¸€ç“¶æ”¾é¬†ä¸€ä¸‹ï¼Œå‡ºé–€ä¸€åˆ†é˜å°±æ˜¯æ ¸é…¸æª¢æ¸¬é»ï¼Œåšæ ¸é…¸å¾ˆæ–¹ä¾¿ï¼Œä¸‹æ¬¡å†ä¾†é‚„æœƒç¹¼çºŒå…¥ä½ï¼Œéå¸¸å¥½çš„é«”é©—|"2022-10-19 00:00:00"|0|1
643243837|"M244438****"|"GuestUser"|5|5|5|5|5|Outstanding|"Business travelers"|"Superior Double Room"|"zh"|é…’åº—ä½ç½®å„ªè¶Šäº¤é€šä¾¿åˆ©ï¼Œä½†æ˜¯ä¹Ÿä¸æœƒå–§é¬§ï¼Œé«˜éµç«™å’Œåœ°éµç«™å‡ºé–€å¹¾åˆ†é˜å°±èµ°åˆ°äº†ã€‚é…’åº—è¨­æ–½é½Šå…¨ï¼Œæˆ¿é–“ä¹¾æ·¨æ•´æ½”ï¼Œéºªç©å¾ˆå¤§ï¼Œçª—å¤–æ™¯è§€ä¹Ÿå¾ˆå¥½ï¼Œä½çš„å¾ˆèˆ’æœã€‚å‰å°å°æ¥Šæœå‹™å¾ˆå¥½ï¼Œå¾ˆä¸»å‹•ï¼Œç†±æƒ…ï¼Œé€çš„æ—©é¤å¾ˆæ£’ï¼Œå¾ˆé«”è²¼ï¼Œå®¢æˆ¿é˜¿å§¨æ…‹åº¦ä¹Ÿå¾ˆå¥½ï¼Œæœå‹™å‘¨åˆ°ï¼Œç¸½ä¹‹ï¼Œå¾ˆæ»¿æ„çš„ä¸€æ¬¡å…¥ä½é«”é©—ï¼Œé»è´Š|"2022-09-27 00:00:00"|0|2
635339611|"1514804****"|"Gaostar"|5|5|5|5|5|Outstanding|"Family"|"Queen Room With View"|"zh"|å‰å°å›å›æœå‹™å¾ˆç†±æƒ…ï¼Œé…’åº—æ€§åƒ¹æ¯”é«˜ï¼Œåœ°ç†ä½ç½®å¥½ã€‚æˆ¿é–“ç²¾ç·»ï¼Œå¾ˆä¹¾å‡ˆï¼Œé€šé¢¨å¥½ï¼Œæ¡å…‰å¥½ï¼Œç¡¬ä»¶å¥½ï¼Œç”¨ç€èˆ’æœï¼Œæ´—æ¾¡æ°´æº«å¥½ï¼Œå‡ºæ°´æµæš¢ï¼å®¢æˆ¿é˜¿å§¨å¾ˆè¦ªåˆ‡ï¼Œæœå‹™å‘¨åˆ°ã€‚ è¦ªå­äº®é»ï¼šåºŠé ç‰†ï¼Œä¸ç”¨æ“”å¿ƒå°æœ‹å‹æ‰åºŠã€‚ æœƒæ¨è–¦æœ‹å‹ä¾†ä½å‘¦~~~~~|"2022-09-04 00:00:00"|0|1
635486983|"1522163****"|"GuestUser"|5|5|5|5|5|Outstanding|"Solo travelers"|"Queen Room With View"|"zh"|ä¾†åŒ—äº¬ç©ï¼Œé †ä¾¿é«”é©—äº†ä¸Šåœ°çš„CityGoï¼Œæ„Ÿè¦ºè¶…ä¸éŒ¯ï¼Œæ¨“ä¸‹å¤§å»³çš„è£æ½¢é¢¨æ ¼å’Œå¸¶æ’åº§çš„è¾¦å…¬æ¡Œæ»¿åˆ†ğŸ’¯ï¼å› ç‚ºæ”œç¨‹æœƒå“¡å‰å°å…è²»å‡ç´šäº†æˆ¿é–“ï¼Œæ—¥è½è¶…ç¾ğŸŒ„æ—©é¤ä¹Ÿå¾ˆè±ç››ï¼Œæ¯å¤©å‰å°é‚„æœ‰å…è²»å’–å•¡æä¾›â˜•ï¸å¦å¤–å‰å°å°å§å§å°æ½”ï¼Œé‚„æœ‰æ¸…æ½”é˜¿å§¨äººéƒ½è¶…å¥½ï¼Œæœå‹™å¤ªè²¼å¿ƒäº†ğŸ¥°ä¸‹æ¬¡é‚„ä½é€™å®¶ï¼|"2022-09-03 00:00:00"|0|1
720033659|"_M1512736****"|"JanuaryD"|5|5|5|5|5|Outstanding|"Family"|"Multi-level Double Room"|"zh"|æç´ è‹±å¤§å§æœå‹™å¾ˆå¥½ï¼Œ|"2023-01-31 00:00:00"|0|1
656124831|"M440633****"|"GuestUser"|5|5|5|5|5|Outstanding|"Couples"|"Superior Double Room"|"zh"|éå¸¸å¥½ï¼Œä¸éŒ¯ï¼Œæ—©é¤è±å¯Œï¼Œé›¢æ ¸é…¸é»å¾ˆè¿‘ï¼Œéå¸¸æ–¹ä¾¿ï¼Œå‰å°å°éœæœå‹™ç†±æƒ…ï¼Œæ—©é¤æ˜¯åˆ°12é»ï¼Œå¾ˆä¸éŒ¯ï¼Œéå¸¸æ¨è–¦ï¼|"2022-11-05 00:00:00"|0|1
658775003|"M287728****"|"GuestUser"|5|5|5|5|5|Outstanding|"Solo travelers"|"Multi-level Double Room"|"zh"|æ¸…æ½”é˜¿å§¨æ…‹åº¦å¾ˆå¥½å•Šï¼Œæœå‹™ä¹Ÿå¾ˆå¥½ï¼Œé‚„é€äº†å¾ˆå¤šé£²æ–™hahahahaã€‚é»åè¡¨æšä¸‹ä»»é›²éœé˜¿å§¨|"2022-11-11 00:00:00"|0|1
706812101|"120197****"|"sxyhn"|5|5|5|5|5|Outstanding|"Business travelers"|"Single Room"|"zh"|æˆ¿é–“è£å±…ç„¶é‚„æœ‰æ´—è¡£æ©Ÿ|"2023-01-09 00:00:00"|0|3
656529117|"M351490****"|"GuestUser"|5|5|5|5|5|Outstanding|"Solo travelers"|"Deluxe Double Room"|"zh"|ç’°å¢ƒå¾ˆæ£’ å‰å°æœå‹™å¾ˆå„ªç§€ è£ä¿®é¢¨æ ¼å¾ˆç¨ç‰¹ ç¶“å¸¸åœ¨é€™å®¶åº—ä½|"2022-10-26 00:00:00"|0|2
621614071|"_WeChat34362****"|"LuluAA"|5|5|5|5|5|Outstanding|"Solo travelers"|"Superior Double Room"|"zh"|æˆ¿é–“å¾ˆç·Šæ¹Šï¼Œä½†æ˜¯æ ¼å±€èˆ’é©ï¼Œ åºŠä¸Šæœ‰å®‰è£æ‰‹æ©Ÿæ”¯æ¶ç°¡ç›´å¤ªè²¼å¿ƒäº†ï¼ è¡›æµ´æ´—æ¾¡æ°´è¶³  åœ¨å°éœ²å°å¹å¹é¢¨ä¹Ÿä¸éŒ¯ğŸ‘|"2022-08-09 00:00:00"|0|2
723267199|"5382****"|"Yandouzigong"|2|3|1|1|3||"Solo travelers"|"Multi-level Double Room"|"zh"|åƒè¬ä¸è¦é å®šé€™å€‹æˆ¿å‹ï¼Œä¸Šä¸‹å…©å±¤çš„æ¨“æ¢¯è§’åº¦ä¹‹å¤§ï¼Œä¸‹ä¾†æ‰æƒ±ç«ï¼Œèƒ–é»çš„å¾ˆå®¹æ˜“æ‘”è·¤å“¦ã€‚ä¸è¦æƒ³è±¡æˆå®¶è£¡çš„è¤‡å¼çµæ§‹ã€‚ä¸‹å±¤è¡¹æœ‰æ´—ç°Œï¼Œé€£æ›¸æ¡Œéƒ½æ²’æœ‰ï¼Œä¸‹å±¤å……é›»çš„åœ°æ–¹ä¹Ÿæ²’æœ‰|"2023-02-04 00:00:00"|0|2
633333987|"M234796****"|"GuestUser"|5|5|5|5|5|Outstanding|"Friends"|"Single Room"|"zh"|è¡›ç”Ÿç‰¹åˆ¥å¥½ï¼Œæœå‹™ç†±æƒ…ï¼Œå‰å°å°æ½”æœå‹™æ…‹åº¦å¾ˆå¥½ï¼Œç’°å¢ƒå¥½ï¼Œä½ç½®ç‰¹åˆ¥å¥½äº¤é€šä¾¿åˆ©ã€‚|"2022-09-02 00:00:00"|0|1
631431869|"_WeChat27324****"|"GuestUser"|5|5|5|5|5|Outstanding|"Business travelers"|"Queen Room With View"|"zh"|ä¹¾æ·¨ï¼Œæœå‹™å¾ˆå¥½ï¼Œæ¨“ä¸‹é‚„æœ‰å’–å•¡å»³ é©åˆè¾¦å…¬å•†ä½ï¼Œäº¤é€šä¹Ÿå¾ˆä¾¿åˆ©ï¼Œç’°å¢ƒä¹Ÿå¾ˆå¥½|"2022-08-30 00:00:00"|0|2
640136417|"M34934****"|"GuestUser"|5|5|5|5|5|Outstanding|"Business travelers"|"Multi-level Double Room"|"zh"|ä»»é›²éœæœå‹™ç”Ÿæ…‹åº¦å¥½ï¼Œå·¥ä½œç´°å¿ƒï¼Œç‚ºäººç†±æƒ…|"2022-09-22 00:00:00"|0|1
638081781|"_WeChat227066****"|"Qinggehuajiu"|5|5|5|5|5|Outstanding|"Business travelers"|"Queen Room With Terrace"|"zh"|é…’åº—å‰å°å°ç™½åŒå¿—æœå‹™å¥½ç‚ºæ­¤é»è´ŠğŸ‘|"2022-09-17 00:00:00"|0|1
621395993|"1863860****"|"GuestUser"|5|5|5|5|5|Outstanding|"Solo travelers"|"Superior Double Room"|"zh"|å‰å°æœå‹™ç†±æƒ…ï¼Œæˆ¿é–“æœ‰å…è²»é£²æ–™ï¼Œæˆ¿é–“å¾ˆèˆ’é©ï¼Œä¸‹æ¬¡é‚„æœƒå†ä¾†ï¼|"2022-08-09 00:00:00"|0|2
628655399|"1356406****"|"GuestUser"|5|5|5|5|5|Outstanding|"Business travelers"|"Queen Room With Terrace"|"zh"|ç’°å¢ƒå„ªé›…ï¼Œå®‰éœï¼Œæœå‹™ä¸éŒ¯ğŸ˜Š|"2022-08-23 00:00:00"|0|1
637404743|"M40116****"|"Qianhuibuerguo"|4.5|5|4|4|5|Very Good|"Business travelers"|"Superior Double Room"|"zh"|å„ªé»ï¼šåƒ¹æ ¼å¯¦æƒ ã€è£ä¿®æ™‚å°šã€æ ¸é…¸æ–¹ä¾¿ã€è·é›¢æ¸…æ²³ç«™è¿‘ï¼ˆä¸€å…¬è£å·¦å³ï¼‰ï¼› ç¼ºé»ï¼šæˆ¿é–“æ™®éè¼ƒå°ã€åºŠé ‚ç€ç‰†ï¼ˆå°é˜²å°å­©æ‰ä¸‹åºŠå¯èƒ½æ˜¯å„ªé»ï¼‰ã€ä¾¿å®œæˆ¿å‹çª—æˆ¶å¯èƒ½æ˜¯å…§çª—ã€ç©ºèª¿æ­£å°åºŠé‹ªå®¹æ˜“å¹æ„Ÿå†’ã€ç¶²ä¸Šè¨‚æˆ¿çµ¦äºˆçš„ä¸€äº›æ¬Šç›Šï¼ˆæ—©é¤ã€å»¶é²é€€æˆ¿ç­‰ï¼‰é‚„éœ€è¦è®“ç¶²ä¸Šå†å’Œå‰å°æ ¸å°ä¸€éï¼Œå¦å‰‡å°±å¯èƒ½æ²’æœ‰äº†ã€‚|"2022-09-15 00:00:00"|0|1
629718065|"M243920****"|"GuestUser"|5|5|5|5|5|Outstanding|"Business travelers"|"Single Room"|"zh"|å‰å°å°æ¥Šæœå‹™å¥½|"2022-08-25 00:00:00"|0|1
620419237|"M250479****"|"AnonymousUser"|5|5|5|5|5|Outstanding|"Family"|"Multi-level Double Room"|"zh"|è¤‡å¼æˆ¿å°å·§èˆ’é© æœå‹™è¦ªåˆ‡è®Šé€š|"2022-08-07 00:00:00"|0|1
623114747|"M430386****"|"GuestUser"|5|5|5|5|5|Outstanding|"Couples"|"Superior Double Room"|"zh"|å¾ˆä¹¾å‡ˆ å¾ˆå¹´è¼• å¾ˆèˆ’é©|"2022-08-12 00:00:00"|0|2
625865925|"M44889****"|"GuestUser"|5|5|5|5|5|Outstanding|"Business travelers"|"Multi-level Double Room"|"zh"|ä¹¾æ·¨ï¼Œæœå‹™æŒºå¥½|"2022-08-16 00:00:00"|0|1
724095279|"_WeChat246158****"|"Laiguangying"|5|5|5|5|5|Outstanding|"Friends"|"Queen Room With Terrace"|"zh"|é€™å®¶æœå‹™å¾ˆç†±æƒ…ï¼Œæˆ¿é–“å¾ˆä¹¾å‡ˆï¼Œå¸ƒè‰æ›´æ˜¯å¾ˆä¹¾å‡ˆï¼Œæ¯æ¬¡éƒ½å¯ä»¥åœ¨é€™è£ä¼‘æ¯çš„å¾ˆå¥½ï¼Œäº¤é€šå¾ˆæ–¹ä¾¿ï¼Œé‚„æœ‰å…è²»åœè»Šå ´å€¼å¾—æ¨è–¦ï¼|"2023-02-06 00:00:00"|0|1
711213109|"_WeChat56448****"|"Tanwandechloeeryi"|5|5|5|5|5|Outstanding|"Couples"|"Multi-level Double Room"|"zh"|éº»é›€é›–å° äº”è‡Ÿä¿±å…¨ï¼Œè¢«ç²¾ç·»åˆ°äº†ï¼å‰å°é‚„å¾ˆå‹å¥½çš„é€æˆ‘å¾ˆå¤šå’–å•¡ç³–å’Œå†¬é™°åŠŸæ³¡éºµï¼åŒ†åŒ†ä¸€æ™š ä¹Ÿè¦ºå¾—å¾ˆä¸éŒ¯ ä¸éé›»è¦–ç„¡æ³•æŠ•å±æ¯”è¼ƒå°·å°¬|"2023-01-02 00:00:00"|0|2
629283133|"M230665****"|"GuestUser"|3.5|3|2|5|4|Fair|"Other"|"Queen Room With Terrace"|"zh"|è¨‚çš„éœ²å°å¤§åºŠæˆ¿ çœ‹ä¸­çš„å°±æ˜¯é‚£å€‹éœ²å° ä½†æ˜¯ä¸€é€²å±‹ç™¼ç¾æ ¹æœ¬æ²’æœ‰ çª—æˆ¶å¤–éºªé‚„æ˜¯ä¸€å€‹äººå…§éƒ¨å¤©äº• é™½å…‰éƒ½æ²’æœ‰ è·Ÿå‰å°èªªæ˜æƒ…æ³å å‰å°èªªéœ²å°æˆ¿éƒ½åœ¨è£ä¿® è¡¹çµ¦å‡ç´šäº†ä¸€å€‹é«˜ç´šå¤§åºŠæˆ¿ å°±æ˜¯ä¸€å€‹ä¸‰å±¤çš„èƒ½çœ‹åˆ°é™½å…‰çš„ä¸€æ¨£çš„æˆ¿å‹ æ„Ÿè¦ºè¡€è™§ã€‚ä½†æ˜¯åº—å®¶æ…‹åº¦éƒ½å¾ˆå¥½ å…è²»åœè»Š|"2022-08-24 00:00:00"|1|1
628567259|"1381020****"|"GuestUser"|1|1|1|1|1||"Business travelers"|"Queen Room With Terrace"|"zh"|1.ç¬¬ä¸€å¤©ï¼Œåˆ°äº†å‰å°æº–å‚™å…¥ä½ï¼Œå‰å°èªªä¸Šå‘¨å®šçš„æˆ¿å‹åå­—è®Šäº†ï¼Œæ”œç¨‹æ²’æ›´æ–°ï¼Œåƒ¹æ ¼æ¯”æˆ‘è¨‚çš„é«˜ï¼Œå¯é€™å’Œæˆ‘æœ‰å•¥é—œä¿‚ï¼Ÿæˆ‘è¡¹å¥½é€€äº†é‡å®šï¼Œçµæœåƒ¹æ ¼æ›´ä¾¿å®œã€‚å‰å°åˆèªªåŠå¤©ä¸å°ï¼Œå¥½åƒæˆ‘æ²’å¤šçµ¦éŒ¢åè€Œä½”äº†ä¾¿å®œä¸€æ¨£ã€‚çµæœï¼Œå¾ŒçºŒå¹¾å¤©å¥¹èªªè²´çš„é‚£å€‹æˆ¿å‹å§‹çµ‚æ˜¯é€™å€‹åƒ¹æ ¼ã€‚ã€‚ã€‚å¹¸è™§æˆ‘é€€äº†é‡æ–°å®šã€‚ 2.æˆ‘è…³å‚·äº†ï¼Œç„¶å¾Œçµ¦æˆ‘ä¸€å€‹çˆ¬æ¢¯å­çš„è¤‡å¼ï¼Œé‚„æ²’æœ‰å¯æ›çš„äº†éƒ½ä½æ»¿äº†ï¼Œå¿äº†ã€‚çµæœç¬¬äºŒå¤©æˆ‘ç™¼ç¾æ˜¯ç›¸é—œæˆ¿å‹çš„éœ²å°éƒ½åœ¨æ”¹é€ ï¼Œå‰å°ä¹Ÿæ²’æã€‚è¦æ˜¯çŸ¥é“æ”¹é€ ï¼Œå£“æ ¹é€™å€‹é…’åº—æˆ‘éƒ½ä¸ä¾†ï¼Œå°±æ‡‰è©²ç¬¬ä¸€å¤©å’Œæ¶ˆè²»è€…èªªæ¸…æ¥šè¦æ–½å·¥ã€‚æ›´å¯ç¬‘çš„æ˜¯ï¼Œç¬¬ä¸‰å¤©ï¼Œå’Œæˆ‘èªªæˆ‘çš„æˆ¿é–“ä¹Ÿè¦æ–½å·¥ï¼Œå•æˆ‘ä»‹æ„ä¸ä»‹æ„é€²å»æˆ¿é–“ï¼Œæˆ‘ç•¶ç„¶æ‹’çµ•ã€‚çµæœåˆèªªé‚£å¯ä»¥ä¸æ–½å·¥äº†ï¼Œæˆ‘è¦ºå¾—ï¼Œé€™éº¼å¤§ä¸€å€‹ç‰Œå­ï¼Œå’Œå®¢äººç›´æ¥æºé€šèƒ½ä¸èƒ½é€²æˆ¿é–“ï¼Œæ˜¯ä¸æ˜¯æœ‰é»è‡ªä¿¡äº†ã€‚ 3.ç„¶å¾Œç¬¬ä¸‰å¤©ï¼Œæ™šä¸Šå¤–è³£ä¸Ÿäº†ã€‚å‰å°ä¹Ÿèªªæ²’çœ‹åˆ°ï¼Œå¤–è³£å°å“¥èªªèª¿ç›£æ§ï¼Œå‰å°èªªæ‰“110ã€‚æˆ‘èªªå°å“¥ä½ æ˜¯ä¸æ˜¯é›»è©±ä¸‹åŒæ™‚é€å¤–è³£çš„é‚£å–®å®¢äººï¼Œä¸å°å¿ƒæ‹¿éŒ¯äº†ï¼Ÿæœç„¶ï¼Œå¦å¤–çš„å®¢äººåƒäº†â€¦  ç¸½ä¹‹ï¼Œé€™äº›äº‹å…’ä½äº†é€™éº¼å¤šå¹´é…’åº—èæ‰€æœªèï¼Œå¤ªæç¬‘äº†ã€‚æ•´å€‹åœ˜éšŠï¼Œéƒ½éœ€è¦åŸ¹è¨“ï¼ï¼ï¼ï¼|"2022-08-22 00:00:00"|1|2
639731067|"_WeChat54715****"|"GuestUser"|5|5|5|5|5|Outstanding|"Business travelers"|"Single Room"|"zh"|å‰å°å°å§å§å°å“¥å“¥çš„æœå‹™æ…‹åº¦å¾ˆå¥½ã€‚å› ç‚ºåˆ°çš„æ¯”è¼ƒæ™šäº†ï¼Œå‡Œæ™¨é‚„çµ¦å…è²»å‡ç´šäº†æˆ¿é–“ã€‚æ—©é¤è±å¯Œï¼Œå‘³é“ä¹Ÿä¸éŒ¯ã€‚æ—©é¤ä¹Ÿå¾ˆè±å¯Œå‘€ã€‚å…ƒæ°£æ»¿æ»¿å¾—ä¸€å¤©é–‹å§‹äº†ï¼|"2022-09-21 00:00:00"|0|2
651613911|"_WeChat245245****"|"GuestUser"|5|5|5|5|5|Outstanding|"Couples"|"Queen Room With View"|"zh"|è¨­æ–½ï¼šè¨­æ–½å¾ˆæ–°ï¼Œå‚¢å…·è¨­è¨ˆåˆ¥å‡ºå¿ƒè£ã€‚ è¡›ç”Ÿï¼šè¡›ç”Ÿæ¢ä»¶okã€‚ æœå‹™ï¼šå‰å°æœå‹™å‘¨åˆ°ï¼Œé»å¤–è³£æœ‰æ©Ÿå™¨äººé€åˆ°é–€å£ï¼Œæ—©ä¸Šè‡ªåŠ©æ—©é£¯æŒºå¥½åƒçš„ã€‚|"2022-10-01 00:00:00"|0|2
712094471|"_WeChat15617****"|"Meimeidexinqing"|5|5|5|5|5|Outstanding|"Other"|"2-bed Room"|"zh"|åº—å®¶æœå‹™éå¸¸å‘¨åˆ°ï¼Œç‰¹åˆ¥æš–å¿ƒï¼Œæ—©é¤ä¹Ÿå¾ˆè±å¯Œï¼Œé‚„æœ‰å¤œå®µå…è²»æä¾›ï¼Œçµ¦å€‹å¤§å¤§çš„è´ŠğŸ‘ğŸ»|"2023-01-18 00:00:00"|0|1
633995131|"M43132****"|"GuestUser"|5|5|5|5|5|Outstanding|"Business travelers"|"Single Room"|"zh"|é…’åº—å‰å°å¾ˆç†±æƒ…ï¼Œå°¤å…¶æ˜¯å°æ¥ŠåŒå­¸ï¼Œé‚„æœ‰æ›¹å¤§å§æœå‹™å‘¨åˆ°ï¼Œæˆ¿é–“å¾ˆé‡æ³¨è¨­è¨ˆæ„Ÿï¼Œç°¡ç´„èˆ‡ä¸­å¼å¾ˆå¥½çš„èåˆåœ¨ä¸€èµ·ã€‚é…’åº—çš„å„é …æœå‹™éƒ½å¾ˆä»¤äººæ»¿æ„ï¼|"2022-09-06 00:00:00"|0|1
658512957|"u****"|"AnonymousUser"|5|5|5|5|5|Outstanding|"Business travelers"|"Queen Room With View"|"zh"|é…’åº—å¾ˆæº«é¦¨ï¼Œé›»å‹•çª—å¸˜ï¼Œæ´—æ¾¡æ°´å¾ˆç†±ï¼Œæœå‹™å¾ˆå¥½ï¼Œå°¤å…¶å‰å°å°æ¥Šæœå‹™å¾ˆå¥½ï¼Œæ›¿å®¢äººç€æƒ³ï¼Œé€™ä¸€æ¬¡ä½å®¿æ„Ÿè¦ºå¾ˆæ£’ã€‚|"2022-11-09 00:00:00"|0|2
648193449|"M475114****"|"GuestUser"|5|5|5|5|5|Outstanding|"Solo travelers"|"Single Room"|"zh"|é¢¨æ ¼ç°¡ç´„åˆä¸å¤±åŸå¸‚æ´»åŠ›ï¼Œä¹¾æ·¨æ•´æ½”ç‰†å£æ‰‹ç¹ªå¾ˆæœ‰ç‰¹è‰²ï¼Œæ—©é¤æ–°é®®é¸æ“‡ä¹Ÿå»å¾ˆå¤šï¼Œä¸­è¥¿é¤éƒ½æœ‰ï¼Œæ•´é«”å¾ˆå€¼å¾—æ¨è–¦çµ¦æœ‹å‹ï¼|"2022-10-12 00:00:00"|0|1
644857539|"M489397****"|"GuestUser"|5|5|5|5|5|Outstanding|"Family"|"Queen Room With View"|"zh"|æˆ¿é–“å¾ˆå¥½ï¼Œæœå‹™ä¹Ÿå¾ˆè²¼å¿ƒï¼Œé€äº†æª¸æª¬æ°´ç”œå“å’Œå£ç½©ã€‚é‡åˆ°äº†å¥åº·å¯¶å½ˆçª—çš„å•é¡Œï¼Œåº—å®¶å‡Œæ™¨ä¹Ÿéå¸¸ç©æ¥µå¹«å¿™è™•ç†äº†!|"2022-10-01 00:00:00"|0|2
548280428|"1381669****"|"GuestUser"|2.2|1|1|3|4||"Business travelers"|"Queen Room With Terrace"|"zh"|985å…ƒä¸€æ™šçš„æ™¯è§€å¤§åºŠæˆ¿ï¼Œæˆ¿é–“å°çš„ä»¤äººé«®æŒ‡ï¼åºŠå’Œåº§æ¤…ä¹‹é–“çš„éé“éƒ½è½‰ä¸é–‹èº«ï¼Œè¡Œæç®±éƒ½æ²’æœ‰åœ°æ–¹æ”¾ï¼Œä¹Ÿæ²’æœ‰æµ´è¢ã€‚æ‰€è¬‚æ™¯è§€éœ²å°å°ç€é¦¬è·¯ï¼Œé€£å€‹ç‡ˆéƒ½æ²’æœ‰ï¼Œå®Œå…¨ä¸å€¼é€™å€‹åƒ¹ä½ï¼|"2021-10-20 23:59:00"|0|2
541834187|"M55462****"|"AnonymousUser"|5|5|5|5|5|Outstanding|"Solo travelers"|"Single Room"|"zh"|åœè»Šå ´å¤§ï¼Œé…’åº—æœ‰è‡ªå·±çš„èª¿å­ï¼Œæˆ¿é–“å¸ƒå±€è¨­è¨ˆéå¸¸åˆç†ï¼ŒåºŠé‚Šçš„æ‰‹æ©Ÿæ”¯æ¶æ²’å¹¾å€‹éŒ¢ï¼Œä½†æ˜¯æˆ‘å‡ºå·®ï¼Œæ—…éŠä½éé€™éº¼å¤šé…’åº—æœ€å¤§çš„äººæ€§åŒ–æ–¹é¢çš„é©šå–œã€‚å°è€Œç¾ï¼Œç¾ä¸”ç²¾ï¼Œéå¸¸çµ¦åŠ›çš„é…’åº—ã€‚100åˆ†æ»¿åˆ†åˆ¶ï¼Œ110åˆ†ã€‚|"2021-10-01 23:59:00"|0|1
653609707|"_WeChat259006****"|"GuestUser"|5|5|5|5|5|Outstanding|"Business travelers"|"Queen Room With View"|"zh"|é…’åº—ç’°å¢ƒè‰¯å¥½ï¼Œå·¥ä½œäººå“¡æœå‹™æ…‹åº¦ç†±æƒ…ï¼Œå°æ—…å®¢çš„è¦æ±‚å„˜å¯èƒ½æ»¿è¶³ï¼Œå±…ä½é«”é©—æ„Ÿä½³ï¼Œä¸‹æ¬¡é‚„æœƒå…¥ä½ã€‚|"2022-10-27 00:00:00"|0|1
618751165|"_CFT010000000665****"|"GuestUser"|5|5|5|5|5|Outstanding|"Couples"|"Multi-level Double Room"|"zh"|é…’åº—ç’°å¢ƒå¾ˆå¥½ å‰å°å°å§å§äººä¹Ÿå¾ˆå¥½ å¥½ä¹…æ²’ä¾†æ­¡é–£é…’åº—äº† åŒ—äº¬çš„æ­¡é–£æ•´é«”è£ä¿®é‚„æ˜¯åˆ°ä½çš„  ç®—æ˜¯å‡ºå·®æ™‚å€™ä½çš„æ¯”è¼ƒåˆ°ä½çš„é…’åº—äº†|"2022-08-04 00:00:00"|1|1
645842479|"_WeChat266420****"|"Zhuzixiaohao"|5|5|5|5|5|Outstanding|"Business travelers"|"Superior Double Room"|"zh"|è¨­æ–½ï¼šå¾ˆå¥½å¾ˆæ–°ï¼Œå¸ƒå±€å°å·§ç²¾ç·»ä½†æ˜¯äº”è‡Ÿä¿±å…¨ è¡›ç”Ÿï¼šè¡›ç”Ÿå¾ˆå¥½å¾ˆä¹¾å‡ˆ æœå‹™ï¼šå¤§å ‚å’Œæ¸…æ½”äººå“¡éƒ½å¾ˆå‹å–„|"2022-10-06 00:00:00"|0|1
646337795|"_WeChat35098****"|"Oliviayue"|3.5|4|3|3|4|Fair|"Couples"|"Superior Double Room"|"zh"|å…¥ä½çš„æ™‚å€™æœ‰é»åå· åŠå¤©æ²’æŸ¥åˆ°åœ¨å¹³å°è¨‚çš„è¨‚å–® æˆ¿é–“æ¯”è¼ƒå° é…’åº—å¤–éƒ¨çœ‹èµ·ä¾†é‚„æ˜¯å¾ˆå¤§çš„|"2022-09-29 00:00:00"|0|1
720831725|"E2904****"|"HeiKit"|5|5|5|5|5|Outstanding|"Friends"|"Multi-level Double Room"|"zh"|å‰å°å°å“¥ç†±æƒ…å‹å¥½é‚„å…è²»å‡ç´šäº†ï¼ç¬¬äºŒå¤©è¶•é«˜éµéå¸¸æ¨è–¦ã€‚|"2023-01-19 00:00:00"|0|2
722717687|"M308770****"|"Bulababaite"|5|5|5|5|5|Outstanding|"Business travelers"|"Superior Memory Foam Double Room"|"zh"|å‡ºå·®ç¶“å¸¸ä½é€™è£ï¼Œç’°å¢ƒè¡›ç”Ÿéƒ½å¾ˆæ£’ï¼Œä»»å¤§å§æœå‹™ç†±æƒ…ğŸ‘|"2023-02-01 00:00:00"|0|2
632512581|"jjasmi****"|"jjasmine34"|5|5|5|5|5|Outstanding|"Other"|"Single Room"|"zh"|é€™å®¶é…’åº—çš„å‰å°æœå‹™éå¸¸åˆ°ä½ï¼Œæ ¸é…¸æª¢æ¸¬å°±åœ¨æ—é‚Šï¼Œå¾ˆä¾¿æ·ã€‚æœƒå›ºå®šä¸‹ä¾†ï¼Œä¾†é€™é‚Šå°±ä½é€™å®¶é…’åº—|"2022-09-02 00:00:00"|0|1
537464528|"M454511****"|"AnonymousUser"|5|5|5|5|5|Outstanding|"Business travelers"|"Superior Double Room"|"zh"|æˆ¿é–“è¡›ç”Ÿä¹¾æ·¨æ•´æ½”è¨­æ–½è¨­å‚™é½Šå…¨ï¼Œé‚„æœ‰æ©Ÿå™¨äººå¯ä»¥é€å¤–è³£ï¼Œæœå‹™éå¸¸å¥½ï¼Œæ—©é¤å“é¡å¤šç›´åˆ°ä¸­åˆ12é»ï¼Œå¤œå®µæœ‰é¤›é£©æ£’æ£’å™ ï¼Œä¸‹æ¬¡é‚„å›ä¾†å™ |"2021-08-31 13:30:00"|0|1
631063131|"M20618****"|"Fushengyibei"|5|5|5|5|5|Outstanding|"Couples"|"Superior Double Room"|"zh"|éå¸¸æ£’æ£’çš„é…’åº—ï¼Œæœå‹™æ…‹åº¦å¾ˆå¥½ï¼Œå°¤å…¶æ˜¯ä»»é›²éœä¿æ½”é˜¿å§¨ï¼Œæ‰“æƒè¡›ç”Ÿéå¸¸ä¹¾æ·¨ï¼äººä¹Ÿè¶…ç´šå¥½|"2022-08-29 00:00:00"|0|2
632896483|"M52939****"|"AnonymousUser"|5|5|5|5|5|Outstanding|"Other"|"Queen Room With Terrace"|"zh"|é…’åº—ä½èµ·ä¾†å¾ˆèˆ’æœï½å‰å°çš„å°å§å§æœå‹™æ…‹åº¦ä¹Ÿå¾ˆå¥½ï¼é…’åº—çª—å¸˜è¶…ç´šé®å…‰ï¼Œç¡çœ è³ªé‡æ»¿åˆ†ï¼|"2022-08-25 00:00:00"|0|2
646311989|"M431690****"|"GuestUser"|5|5|5|5|5|Outstanding|"Couples"|"Superior Double Room"|"zh"|æœå‹™å¾ˆå‘¨åˆ°ï¼Œå¾ˆäººæ€§åŒ–ï¼Œè´ˆé€äº†ç¾ç£¨å’–å•¡ï¼Œç’°å¢ƒå®‰éœï¼Œé©åˆå‡æœŸæ”¾é¬†ï¼Œå¥½è©•|"2022-10-07 00:00:00"|0|2
535224485|"M485361****"|"GuestUser"|5|5|5|5|5|Outstanding|"Business travelers"|"Multi-level Double Room"|"zh"|ä¸ç®¡æ˜¯å‰å°é‚„æ˜¯ä¿æ½”é˜¿å§¨çš„æœå‹™éƒ½éå¸¸çš„å¥½ï¼Œæœ‰æ±‚å¿…æ‡‰ï¼å€¼å¾—å…¥ä½é«”é©—ï¼Œå¤§å»³æœ‰å€‹é•·æ¢å½¢å¸¶æ’åº§çš„è¾¦å…¬ç©ºé–“ï¼Œé©åˆåœ¨é‚£ä¸Šç­è®€æ›¸ï¼|"2021-08-09 14:00:00"|0|2
541200588|"118302****"|"GuestUser"|5|5|5|5|5|Outstanding|"Business travelers"|"Multi-level Double Room"|"zh"|æ·±å¤œåˆ°åº—ï¼Œæœ‰å…è²»å¤œå®µå¾ˆè²¼å¿ƒã€‚å‰å°å°è¬æœå‹™æš–å¿ƒã€‚|"2021-09-26 23:59:00"|0|2
539373352|"M16559****"|"Lindasu"|5|5|5|5|5|Outstanding|"Business travelers"|"Single Room"|"zh"|è¡›ç”Ÿå¥½ï¼Œæœå‹™ä½³ï¼Œç‰¹åˆ¥æ„Ÿè¬ç‹éº—æ¢…ä¿æ½”å¤§å§è²¼å¿ƒé€ä¸Šç´…ç³–è–‘èŒ¶ã€‚|"2021-09-14 23:59:00"|0|1
624076867|"_WeChat244936****"|"GuestUser"|5|5|5|5|5|Outstanding|"Family"|"Multi-level Double Room"|"zh"|ä¹¾æ·¨è¡›ç”Ÿï¼Œæœå‹™ç†±æƒ…ï¼Œçœ‹æˆ‘ä¸€å€‹å¸¶å¨ƒçš„å…è²»å‡ç´šäº†æˆ¿é–“ï¼Œé‚„é€äº†å°ç¦®ç‰©ï¼Œå€¼å¾—æ¨è–¦|"2022-08-14 00:00:00"|0|1
657563835|"1520151****"|"GuestUser"|5|5|5|5|5|Outstanding|"Other"|"Superior Double Room"|"zh"|è¡›ç”Ÿï¼šæ•´æ½”ä¹¾æ·¨ ç’°å¢ƒï¼šæ¸…å‡ˆ æœå‹™ï¼šå‘¨åˆ° è¨­æ–½ï¼šå¾ˆé½Šå…¨|"2022-11-05 00:00:00"|0|1
539663134|"0298****"|"Ricky0121"|3.7|4|3|4|4|Fair|"Business travelers"|"Superior Double Room"|"zh"|æˆ¿é–“è¼ƒå°ï¼Œæˆ¿é–“å…§è¡¹æœ‰åœ¨åºŠé ­å…©å€‹æ’åº§å¾ˆä¸æ–¹ä¾¿|"2021-09-16 23:59:00"|1|2
501072043|"M57989****"|"Renrenjiejie"|4.7|5|5|4|5|Wonderful|"Business travelers"|"Single Room"|"zh"|é«”é©—å¾ˆä¸éŒ¯çš„é…’åº—ï¼ŒåºŠå“è¨­æ–½èˆ’æœï¼Œå®šä½å¹´è¼•äººçš„é…’åº—ï¼Œæˆ¿é–“å…§åŸºæœ¬è¨­æ–½éƒ½æœ‰ï¼Œç°¡å–®å‡ºè¡Œå¾ŒçºŒæœƒé¸æ“‡CitiGOé€™å€‹å“ç‰Œ ä½†åŒ—äº¬ä¸æ”¯æŒå¤§èˆˆæ©Ÿå ´çš„è¡Œæå¯„é€ï¼Œå¸Œæœ›å¾ŒçºŒå¢åŠ |"2021-05-29 23:59:00"|0|2
504276792|"M46342****"|"Toukuiyang"|4|4|4|4|4|Good|"Friends"|"Queen Room With Terrace"|"zh"|ç¬¬ä¸€æ¬¡å…¥ä½çš„æˆ¿é–“ç©ºèª¿é–‹ç€å»ä¸è£½å†·ï¼Œç‰¹åˆ¥çš„ç†±ï¼Œè·Ÿå‰å°æºé€šä»¥å¾Œï¼Œçµ¦æˆ‘å€‘æ›´æ›äº†æˆ¿é–“ï¼Œæœå‹™å¯ä»¥ã€‚ä½†æˆ¿é–“ç©ºé–“ä¸å¤§ï¼Œé…’åº—å¤–æ­¥è¡Œå€‹åå¤šåˆ†é˜æœ‰å„ç¨®é£¯åº—å¯ä»¥åƒé£¯ã€‚|"2021-06-05 23:59:00"|0|2
658185983|"M239504****"|"AnonymousUser"|5|5|5|5|5|Outstanding|"Other"|"Superior Double Room"|"zh"|æ•´é«”é‚„æ˜¯å¯ä»¥çš„ï¼Œè©²æœ‰çš„æ‡‰æœ‰ç›¡æœ‰ï¼Œæˆ¿é–“ä¹ŸæŒºä¹¾æ·¨|"2022-11-11 00:00:00"|0|2
628868933|"M333331****"|"GuestUser"|5|5|5|5|5|Outstanding|"Solo travelers"|"Superior Double Room"|"zh"|é…’åº—å¾ˆå¥½å¾ˆèˆ’æœï¼ŒåºŠå¢Šå¾ˆnice ä¸‹æ¬¡æœ‰éœ€è¦é‚„æœƒä½citigo|"2022-08-21 00:00:00"|0|1
719341327|"M435910****"|"GuestUser"|5|5|5|5|5|Outstanding|"Business travelers"|"Superior Double Room"|"zh"|å…¥ä½æ„Ÿè¦ºéå¸¸ä¸éŒ¯ï¼Œæœå‹™å¾ˆå¥½å¾ˆç†±æƒ…|"2023-01-30 00:00:00"|0|2
541807352|"M491924****"|"GuestUser"|5|5|5|5|5|Outstanding|"Friends"|"Single Room"|"zh"|é…’åº—éå¸¸å¥½ï¼Œç’°å¢ƒè¨­æ–½å¥½ï¼Œé«˜é›…å¤§æ–¹çš„è£ä¿®é¢¨æ ¼ï¼Œå…ˆé€²çš„é…å¥—è¨­æ–½ï¼›æœå‹™å¥½ï¼Œå‰å°æ¥å¾…æ…‹åº¦å¥½ï¼Œç´ è³ªé«˜ï¼Œéå¸¸è€å¿ƒï¼›ä¿æ½”åšçš„å¥½ï¼Œå°¤å…¶æ˜¯äºŒæ¨“æ›¹éº—ç©ï¼ˆæœ€å¾Œä¸€å€‹å­—è¨˜å¾—ä¸å¤ªæ¸…æ¥šï¼‰ä¿æ½”å“¡æœå‹™æ…‹åº¦å¥½ï¼Œä¿æ½”åšå¾—åˆ°ä½ï¼Œå‘¨åˆ°æº«æš–ï¼Œå¤§è®šğŸ‘|"2021-10-01 23:59:00"|0|1
636421735|"1865382****"|"GuestUser"|5|5|5|5|5|Outstanding|"Business travelers"|"Superior Double Room"|"zh"|å‰å°å°æ½”æœå‹™ç‰¹åˆ¥å¥½ï¼Œæ—©é¤å¾ˆè±å¯Œï¼Œæˆ¿é–“å¾ˆæº«é¦¨ï¼Œé‚„æœƒå†ä¾†çš„|"2022-09-12 00:00:00"|0|1
717979585|"M286623****"|"GuestUser"|4.7|5|5|5|4|Wonderful|"Family"|"Multi-level Double Room"|"zh"|å…è²»åœè»Šï¼Œæ—©é¤ä¸éŒ¯ï¼Œå°±æ˜¯åºŠæœ‰é»å°|"2023-01-26 00:00:00"|0|1
618200855|"212193****"|"GuestUser"|5|5|5|5|5|Outstanding|"Business travelers"|""|"zh"|æ—©é¤å¥½ï¼Œå‰å°çš„å°å“¥å“¥å°å§å§éå¸¸ç†±å¿ƒçš„æä¾›æš–å¿ƒçš„å¾®ç¬‘æœå‹™å’Œæ”¯æŒã€‚|"2022-08-03 23:59:00"|0|1
498393751|"davidhua****"|"Yidong"|4.7|5|5|5|4|Wonderful|"Business travelers"|"Queen Room With View"|"zh"|é€²å…¥å¤§å ‚æ˜¯æ„£äº†ä¸€ä¸‹ï¼Œé€™å€‹æ˜¯é…’å§å—ï¼Ÿå“ˆå“ˆå“ˆ  ä¸Šé›»æ¢¯å¾Œæœ‰é»è¿·ï¼Œæˆ¿é–“å¯†åº¦æ¯”è¼ƒé«˜  æ•´é«”ä¸Šé‚„æ˜¯æŒºæ»¿æ„çš„ï¼ˆå¦‚æœæ˜¯æœ‰çª—çš„ä¸€é‚Šå°±æ›´å¥½äº†å“¦ï¼‰|"2021-05-12 23:59:00"|1|1
656481427|"M11154****"|"Mianbaopian"|5|5|5|5|5|Outstanding|"Other"|"Superior Double Room"|"zh"|ç’°å¢ƒèˆ’é©  å®¤å…§ä¹¾æ·¨æ•´æ½”  å‰å°æœå‹™å¾ˆå¥½ã€‚|"2022-11-05 00:00:00"|0|1
698721469|"M257324****"|"Skylinejunyan"|5|5|5|5|5|Outstanding|"Business travelers"|"Multi-level Double Room"|"zh"|è‡¨è¿‘åœ°éµï¼Œå‡ºè¡Œæ–¹ä¾¿ã€‚æˆ¿é–“ç°¡æ½”è¡›ç”Ÿã€‚|"2022-12-29 00:00:00"|0|2
645353015|"M289138****"|"GuestUser"|5|5|5|5|5|Outstanding|"Solo travelers"|"Superior Double Room"|"zh"|å…¥ä½å¾ˆæ»¿æ„ å‰å°æœå‹™å¾ˆå¥½ è£é£¾é¢¨æ ¼è·Ÿç‰¹åˆ¥ æ¨è–¦|"2022-10-05 00:00:00"|0|1
496079901|"M34708****"|"GuestUser"|5|5|5|5|5|Outstanding|"Couples"|"Queen Room With View"|"zh"|äº”ä¸€å‡ºéŠï¼Œæœ€æ»¿æ„çš„å°±æ˜¯é…’åº—äº†ï¼ç„¡è«–å¾ç’°å¢ƒï¼Œé‚„æ˜¯é«”é©—éƒ½è¶…ç´šå¥½ï¼Œç‰©ç¾å»‰åƒ¹ï¼Œå¤§åŠ›æ¨è–¦ï¼Œæ¸…æ²³ç«™çš„ä¸äºŒä¹‹é¸ã€‚å‰å°å°å§å§æœå‹™æ…‹åº¦ä¹Ÿè¶…å¥½å‘¦ã€‚|"2021-05-02 23:59:00"|0|1
661212497|"118304****"|"AnonymousUser"|5|5|5|5|5|Outstanding|"Other"|"Queen Room With View"|"zh"|1.4mä»¥ä¸‹å°ç«¥æ—©é¤å…è²»: 1.4mä»¥|"2022-11-19 00:00:00"|0|1
537629165|"1596693****"|"GuestUser"|4.2|4|4|5|4|Good|"Solo travelers"|"Superior Double Room"|"zh"|9æœˆ2æ—¥å…¥ä½ï¼Œ3æ—¥é€€æˆ¿ï¼Œå› ç‚ºå‰›åšéæ‰‹è¡“ï¼Œèº«é«”ä¸ä¾¿ï¼Œé…’åº—å‰å°å¥³æœå‹™å“¡å¹«å¿™å®‰æ’é¤å»³ä¸€å€‹ç”·æœå‹™å“¡é¨é›»å‹•è»Šé€æˆ‘åˆ°äº†æ¸…æ²³ç«è»Šç«™ï¼Œä¹Ÿæ²’æœ‰æ”¶è²»ï¼Œéå¸¸æ„Ÿå‹•ï¼é…’åº—èƒ½å¦‚æ­¤ç„¡ç§åœ°å¹«åŠ©ä½å®¢ï¼Œåœ¨æˆ‘çœ‹ä¾†ï¼Œäººæ–‡é—œæ‡·åšçš„æ¥µè‡´çš„å¥½ï¼Œç›¸ä¿¡ç„¡è«–é…’åº—é‚„æ˜¯é€™å…©ä½å·¥ä½œäººå“¡ï¼Œéƒ½æœƒæœ‰ç¾å¥½çš„æœªä¾†ï¼Œç¥ç¦ä½ å€‘ï¼Œæ„Ÿè¬ï¼æ„Ÿæ©ï¼|"2021-09-02 23:59:00"|0|2
500799000|"205772****"|"diyxyj"|4.7|4|5|5|5|Wonderful|"Business travelers"|"Superior Double Room"|"zh"|å¤§å ‚å§å°ä¸éŒ¯ é‚„æœ‰å…±äº«å·¥ä½ä¸Šç¶²è¾¦å…¬éƒ½å¯ä»¥ è »æ„œæ„çš„ ä¾†åŒ—äº¬å‡ºå·® ä¸Šåœ°é€™é‚Šéƒ½æ˜¯å¯¸åœŸå¯¸é‡‘å“¦ã€‚|"2021-05-25 23:59:00"|0|2
717815739|"M52469****"|"GuestUser"|5|5|5|5|5|Outstanding|"Solo travelers"|"Multi-level Double Room"|"zh"|æŒºå¥½çš„ï¼Œå¾ˆä¹¾å‡ˆï¼Œè¢«è¤¥ä¹Ÿå¾ˆèˆ’æœ|"2023-01-28 00:00:00"|0|1
541824517|"_WeChat52334****"|"GuestUser"|5|5|5|5|5|Outstanding|"Other"|"Superior Double Room"|"zh"|æˆ‘ä½éæœå‹™æœ€äººæ€§åŒ–çš„é…’åº—ï¼Œéå¸¸éå¸¸éå¸¸å¥½ï¼ç’°å¢ƒä¹Ÿæ»¿åˆ†ï¼Œå¾ˆèˆ’é©ï¼æˆ‘è‡ªå·±æŠŠåºŠå–®ä¸å°å¿ƒæé«’äº†ï¼Œæ¸…æ½”é˜¿å§¨å’Œå‰å°å°å§å§éƒ½ç‰¹åˆ¥è«’è§£ï¼ŒçœŸçš„è¦é»è´Šï¼Œåƒå®¶äººèˆ¬çš„æœå‹™ï¼Œæ¨è–¦å„ä½å…¥ä½ï¼|"2021-10-01 23:59:00"|0|1
635123453|"M300398****"|"AnonymousUser"|5|5|5|5|5|Outstanding|"Business travelers"|"Superior Double Room"|"zh"|æˆ¿é–“ä¸å¤§ï¼Œä¸éå¾ˆç²¾ç·»ï¼Œè¨­å‚™éƒ½æ˜¯é›»å‹•çš„ï¼Œå¥½è©•ï¼|"2022-09-09 00:00:00"|0|1
630624835|"M330336****"|"GuestUser"|5|5|5|5|5|Outstanding|"Solo travelers"|"Superior Double Room"|"zh"|æœå‹™ç’°å¢ƒéƒ½å¾ˆå¥½ï¼Œæ„Ÿè¦ºå¾ˆèˆ’é©ï¼Œä¸‹æ¬¡é‚„æœƒé¸æ“‡é€™è£ã€‚|"2022-08-28 00:00:00"|0|1
510138337|"M34337****"|"GuestUser"|4.5|5|4|5|4|Very Good|"Other"|"Deluxe Double Room"|"zh"|åºŠæœ‰é»é«˜ï¼Œè¡›ç”Ÿä¸€èˆ¬|"2021-07-04 23:59:00"|0|1
694147577|"M506787****"|"GuestUser"|5|5|5|5|5|Outstanding|"Business travelers"|"Multi-level Double Room"|"zh"|å¾ˆæ»¿æ„ï½æ›¹å¤§å§å’Œå°å“¥å“¥å¾ˆå¥½ï½|"2022-12-24 00:00:00"|0|1
720029603|"M326813****"|"GuestUser"|5|5|5|5|5|Outstanding|"Business travelers"|"Superior Double Room"|"zh"|å¾ˆæ»¿æ„ï¼Œæœå‹™å¾ˆå¥½ç‰¹åˆ¥ç†±æƒ…|"2023-01-31 00:00:00"|0|1
657737927|"M267632****"|"GuestUser"|5|5|5|5|5|Outstanding|"Couples"|"Superior Double Room"|"zh"|å‰å°å°æ¥Šæœå‹™å¾ˆå¥½ï¼Œå±…ä½ç’°å¢ƒé‚„å¯ä»¥|"2022-11-05 00:00:00"|0|1
542598647|"M296875****"|"GuestUser"|5|5|5|5|5|Outstanding|"Couples"|"Single Room"|"zh"|ä½ç½®ä¸éŒ¯ é›¢åœ°éµç«™å¾ˆè¿‘ ä¹Ÿæ¯”è¼ƒå®‰éœ æœå‹™å¾ˆç†±æƒ… é‚„æœ‰å°æ©Ÿå™¨äºº æœƒçµ¦ä½ é€å¤–è³£é€æ±è¥¿ å¾ˆæ–¹ä¾¿ å¤–è³£ä»€éº¼çš„ä¹Ÿå¾ˆå¤š é™„è¿‘åƒçš„ä¹Ÿå¤š  é€™å€‹é…’åº—æ˜¯ä¸éŒ¯çš„é¸æ“‡|"2021-09-30 23:59:00"|0|1
654236299|"M418478****"|"AnonymousUser"|5|5|5|5|5|Outstanding|"Other"|"Single Room"|"zh"|è¨­æ–½ï¼šæŒºå¥½ è¡›ç”Ÿï¼šæŒºå¥½ æœå‹™ï¼šå¥½|"2022-10-27 00:00:00"|0|1
619094591|"M46296****"|"GuestUser"|5|5|5|5|5|Outstanding|"Business travelers"|"Single Room"|"zh"|äº¤é€šå¾ˆä¾¿åˆ© å‰å°æœå‹™ç¯„åœ æˆ¿é–“å¾ˆä¹¾å‡ˆ æ¨è–¦ï½|"2022-08-03 00:00:00"|0|1
651296515|"300021****"|"Daishu"|3.5|4|3|3|4|Fair|"Business travelers"|"Superior Double Room"|"zh"|æˆ¿é–“æ¯”è¼ƒå°ï¼ŒåºŠæ˜¯é¡ä¼¼æ¦»æ¦»ç±³çš„é«˜åœ°åºŠï¼Œæœ‰äº›ç‰¹è‰²|"2022-08-02 00:00:00"|0|1
659087451|"M226316****"|"GuestUser"|5|5|5|5|5|Outstanding|"Couples"|"Single Room"|"zh"|æ´»åŠ›å’–å•¡1ä»½/å¤©:éƒ½éå¸¸ä¸éŒ¯|"2022-11-12 00:00:00"|0|2
631050309|"M23751****"|"AnonymousUser"|5|5|5|5|5|Outstanding|"Business travelers"|"Single Room"|"zh"|æŒºå¥½çš„ï¼Œå°±æ˜¯æ”œç¨‹çš„å…è²»å‡æˆ¿åº—å®¶èªªä¸å¯ç”¨|"2022-08-23 00:00:00"|0|3
707453885|"M52422****"|"GuestUser"|5|5|5|5|5|Outstanding|"Business travelers"|"Superior Double Room"|"zh"|æˆ¿é–“é‚„ä¸éŒ¯ï¼Œæœå‹™æŒºå¥½çš„|"2023-01-09 00:00:00"|0|1
631777755|"M372236****"|"GuestUser"|5|5|5|5|5|Outstanding|"Business travelers"|"Queen Room With View"|"zh"|é…’åº—ä½ç½®å¥½ æœå‹™å¥½ æ˜¯å‡ºè¡Œä¸éŒ¯çš„é¸æ“‡|"2022-08-31 00:00:00"|0|2
711031651|"M19532****"|"GuestUser"|5|5|5|5|5|Outstanding|"Business travelers"|"Single Room"|"zh"|æ—©é¤å’Œæ™šä¸Šçš„å¤œå®µéƒ½ä¸éŒ¯|"2023-01-08 00:00:00"|0|1
499494428|"M474700****"|"GuestUser"|5|5|5|5|5|Outstanding|"Business travelers"|"Queen Room With View"|"zh"|æœ‰åœè»Šå ´æ”¶è²»|"2021-05-18 23:59:00"|0|1
501813428|"M467297****"|"GuestUser"|5|5|5|5|5|Outstanding|"Other"|"Single Room"|"zh"|æœå‹™é‚„è¡Œ è¨­æ–½è¼ƒå…¨|"2021-05-04 23:59:00"|0|1
621040033|"_WeChat237697****"|"GuestUser"|5|5|5|5|5|Outstanding|"Business travelers"|"Single Room"|"zh"|æœå‹™éå¸¸å‘¨åˆ°ï¼Œå±‹å­éå¸¸ä¹¾æ·¨ï¼Œæœƒå†æ¬¡å…¥ä½|"2022-08-08 00:00:00"|0|1
697970047|"M40432****"|"GuestUser"|5|5|5|5|5|Outstanding|"Business travelers"|"Single Room"|"zh"|æˆ¿é–“å¾ˆä¹¾å‡ˆ  æœå‹™å¾ˆå¥½|"2022-12-28 00:00:00"|0|1
619076093|"M32353****"|"GuestUser"|5|5|5|5|5|Outstanding|"Friends"|"Multi-level Double Room"|"zh"|æˆ¿é–“å¾ˆä¹¾å‡ˆï¼Œæœå‹™æ…‹åº¦ä¹Ÿå¾ˆå¥½ï¼Œå‡ºè¡Œå¾ˆæ–¹ä¾¿|"2022-08-05 00:00:00"|0|1
696170061|"M309645****"|"AnonymousUser"|5|5|5|5|5|Outstanding|"Business travelers"|"Multi-level Double Room"|"zh"|ç’°å¢ƒæŒºå¥½çš„ï¼Œä½ç€å¾ˆèˆ’é©|"2022-12-24 00:00:00"|0|1
539607490|"M417209****"|"AnonymousUser"|5|5|5|5|5|Outstanding|"Business travelers"|"Multi-level Double Room"|"zh"|é…’åº—éå¸¸å¥½ï¼Œå› ç‚ºç‰¹æ®Šæƒ…æ³ï¼Œå…è²»çµ¦æˆ‘å‡ç´šäº†æˆ¿é–“ï¼Œæˆ¿é–“å°ä½†æ˜¯å»å¾ˆç²¾ç·»ï¼Œé‚„æ˜¯å¾ˆèˆ’æœçš„ã€‚ æœå‹™å“¡æç´ è‹±éå¸¸ç†±æƒ…ï¼Œæ¸…æ½”å·¥ä½œåšçš„å¾ˆåˆ°ä½ã€‚|"2021-09-14 23:59:00"|0|1
708466499|"M14073****"|"GuestUser"|5|5|5|5|5|Outstanding|"Business travelers"|"Single Room"|"zh"|æŒºå¥½çš„ï¼Œæ–¹ä¾¿ï¼Œæœå‹™å¥½|"2023-01-09 00:00:00"|0|1
622034433|"M499173****"|"GuestUser"|5|5|5|5|5|Outstanding|"Other"|"Superior Double Room"|"zh"|å¾ˆèˆ’é© æ€§åƒ¹æ¯”é«˜ æœå‹™å¥½ é«”é©—æ„Ÿå¥½è©•|"2022-08-04 00:00:00"|0|1
638886597|"217444****"|"GuestUser"|5|5|5|5|5|Outstanding|"Business travelers"|"Superior Double Room"|"zh"|é…’åº—æœå‹™å¾ˆç†±æƒ…ï¼Œå…¥ä½é«”é©—éå¸¸å¥½|"2022-09-14 23:59:00"|0|1
634517253|"217285****"|"GuestUser"|5|5|5|5|5|Outstanding|"Business travelers"|"Deluxe Double Room"|"ja"|æ•´ä½“æŒºå¥½ï¼å‰å°å’Œä¿æ´éƒ½å¾ˆçƒ­æƒ…ï¼|"2022-09-07 23:59:00"|0|1
539882697|"M10269****"|"Xiaoqihepangdunhaiqilai"|5|5|5|5|5|Outstanding|"Business travelers"|"Superior Double Room"|"zh"|é…’åº—çš„åœ°ç†ä½ç½®é‚„æ˜¯éå¸¸ä¸éŒ¯çš„ï¼Œå‡ºå·®çœŸçš„æ˜¯å¾ˆæ–¹ä¾¿å•Šï¼Œè¡›ç”Ÿç’°å¢ƒä¹Ÿä¸éŒ¯çš„ï¼Œæ¯æ¬¡å»åŒ—äº¬å‡ºå·®éƒ½ä½åœ¨é€™è£çš„ï¼Œå€‹äººè¦ºå¾—æ€§åƒ¹æ¯”ä¸éŒ¯çš„|"2021-09-14 23:59:00"|0|3
553724454|"M44977****"|"AnonymousUser"|5|5|5|5|5|Outstanding|"Couples"|"Deluxe Double Room"|"zh"|é…’åº—æ•´é«”å¾ˆæ»¿æ„ï¼Œå…¥ä½å¾ˆä¾¿æ·ï¼Œæœå‹™äººå“¡é‚„ä¸»å‹•å¹«å¿™æŠŠè¡Œæé€åˆ°æˆ¿é–“ï¼Œéå¸¸æ„Ÿè¬ï¼æˆ¿é–“å¾ˆä¹¾å‡ˆï¼Œä½çš„å¾ˆèˆ’é©ã€‚|"2021-10-31 23:59:00"|0|2
658172619|"_WB276790****"|"GuestUser"|5|5|5|5|5|Outstanding|"Business travelers"|"Queen Room With View"|"zh"|åºŠå¾ˆèˆ’æœï¼Œæ—©é£¯å¾ˆå¥½åƒï¼|"2022-11-11 00:00:00"|0|1
628084433|"M322390****"|"AnonymousUser"|5|5|5|5|5|Outstanding|"Other"|"Multi-level Double Room"|"zh"|åƒ¹æ ¼åˆé©ç’°å¢ƒä¸éŒ¯æ—¥å¸¸å‡ºè¡Œå¾ˆä¸éŒ¯|"2022-08-20 00:00:00"|0|2
642456243|"M485668****"|"GuestUser"|5|5|5|5|5|Outstanding|"Friends"|"Queen Room With Terrace"|"zh"|é…’åº—åœ°ç†ä½ç½®å„ªè¶Šï¼Œæ—©é¤è±å¯Œ|"2022-09-26 00:00:00"|0|1
628024481|"M275826****"|"GuestUser"|4.7|5|5|5|4|Wonderful|"Business travelers"|"Multi-level Double Room"|"zh"|éº»é›€é›–å°äº”è‡Ÿä¿±å…¨ï¼ŒåºŠè¶…ç´šèˆ’æœï¼|"2022-08-18 00:00:00"|0|1
655836053|"1381124****"|"AnonymousUser"|5|5|5|5|5|Outstanding|"Business travelers"|"Queen Room With Terrace"|"zh"|ç’°å¢ƒæŒºå¥½çš„ï¼Œä¹ŸæŒºä¹¾æ·¨ï¼|"2022-11-04 00:00:00"|0|1
639588301|"_WeChat235839****"|"GuestUser"|5|5|5|5|5|Outstanding|"Business travelers"|"Multi-level Double Room"|"zh"|å¥½è©•å¥½è©• å¯ä»¥æ¥å—å¢ƒå¤–åŒäº‹|"2022-09-20 00:00:00"|0|1
541213622|"320731****"|"Robert246522"|5|5|5|5|5|Outstanding|"Business travelers"|"Multi-level Double Room"|"zh"|äº¤é€šä¾¿åˆ©ï¼Œæœå‹™æ…‹åº¦å¥½ï¼Œå‘¨é‚Šéƒ½æ˜¯ç™¾åº¦ï¼Œå°ç±³ç§‘æŠ€å…¬å¸ï¼Œæˆ¿é–“é‚„æœ‰éœ²å°ï¼Œå¸ç…™æ–¹ä¾¿ï¼Œè€Œä¸”æ™šä¸Šç‰¹åˆ¥å®‰éœï¼Œä¸‹æ¬¡é‚„æœƒå…¥ä½ã€‚|"2021-09-09 23:59:00"|0|1
661962441|"M331349****"|"GuestUser"|5|5|5|5|5|Outstanding|"Business travelers"|"Single Room"|"zh"|äº¤é€šä¾¿åˆ©ï¼Œç’°å¢ƒå®‰éœã€‚|"2022-11-21 00:00:00"|0|1
644307301|"M471173****"|"GuestUser"|5|5|5|5|5|Outstanding|"Friends"|"Single Room"|"zh"|é…’åº—åœ°ç†ä½ç½®å¥½ï¼Œæ—©é¤ä¸°å¯Œ|"2022-10-01 00:00:00"|0|1
542627811|"M20287****"|"GuestUser"|5|5|5|5|5|Outstanding|"Family"|"Queen Room With View"|"zh"|ç¸½é«”ä¾†èªªé…’åº—é«”é©—æ„Ÿå¾ˆä¸éŒ¯ï¼Œæ—©é¤å’Œæœå‹™çµ¦äººå°è±¡æ·±åˆ»ï¼Œæœå‹™å“¡ç‹åˆ©æ¢…å¾ˆç†±æƒ…ï¼Œé€™æ˜¯ä¸€å€‹å€¼å¾—æ¨è–¦çš„é…’åº—ã€‚|"2021-10-04 23:59:00"|0|1
651254073|"201123****"|"AnonymousUser"|3.7|4|3|4|4|Fair|"Business travelers"|"Superior Double Room"|"zh"|æˆ¿é–“å°ï¼Œä½†æ˜¯æ¯”è¼ƒæº«é¦¨ã€‚|"2022-10-22 00:00:00"|0|1
532518857|"M47580****"|"GuestUser"|5|5|5|5|5|Outstanding|"Couples"|"Multi-level Double Room"|"zh"|ä½çš„å¾ˆèˆ’æœï¼è€Œä¸”äººè¶…å¥½ï¼æ™šä¸Šå¾ˆæ™šä¾†åˆ°ï¼Œçµ¦æˆ‘é€äº†å’–å•¡å’Œå®µå¤œï¼æ˜¯å¥½åƒçš„ï¼æ—©ä¸Šæˆ‘èµ·çš„æ™šï¼Œæ—©é¤ä¹Ÿå¹«æˆ‘å»¶å¾Œäº†ï½ç¸½çš„ä¾†èªªä½çš„å¾ˆèˆ’æœ|"2021-08-01 23:59:00"|0|1
701786139|"203786****"|"GuestUser"|5|5|5|5|5|Outstanding|"Business travelers"|"Single Room"|"zh"|é…’åº—æœå‹™éå¸¸å‘¨åˆ°|"2023-01-02 00:00:00"|0|1
636157035|"_WeChat297553****"|"GuestUser"|5|5|5|5|5|Outstanding|"Friends"|"Single Room"|"zh"|é…’åº—æœå‹™å¥½ï¼Œæˆ¿é–“ä¹¾æ·¨æ•´æ½”|"2022-09-11 00:00:00"|0|1
724005569|"218438****"|"GuestUser"|5|5|5|5|5|Outstanding|"Business travelers"|"Multi-level Double Room"|"zh"|æ—©é¤æœå‹™éå¸¸æ£’|"2023-01-30 23:59:00"|0|1
651886109|"_WeChat48419****"|"GuestUser"|5|5|5|5|5|Outstanding|"Solo travelers"|"Superior Double Room"|"zh"|æœå‹™ç‰¹åˆ¥å¥½ï¼Œåœè»Šæ–¹ä¾¿|"2022-10-23 00:00:00"|0|1
496935704|"1501131****"|"GuestUser"|3.5|3|3|3|5|Fair|"Other"|"Queen Room With View"|"zh"|å› ç‚ºé…’åº—åœ¨å®¶é‚Šä¸Šç¬¬Næ¬¡å…¥ä½ï¼Œæ·±å¤œé£Ÿå ‚ä¸é–‹äº†â€¦â€¦æœ¬ä¾†æ˜¯å›åŒ—äº¬æ™‚é–“ä¸Šæ¯”è¼ƒæ™š æƒ³ç€è·Ÿé…’åº—æ¨“ä¸‹åƒçš„ã€‚çµæœæ²’é–‹â€¦â€¦é€™éº¼çœ‹é€™å€‹åƒ¹ä½æˆ¿é–“åˆå·¨å°åœ¨é€™é‚Šæ²’ä»€éº¼ç«¶çˆ­åŠ›äº†â€¦â€¦|"2021-05-04 23:59:00"|0|2
707487887|"D5214****"|"GuestUser"|5|5|5|5|5|Outstanding|"Business travelers"|"Single Room"|"zh"|å‰å°æœå‹™éå¸¸å¥½|"2023-01-09 00:00:00"|0|1
626122287|"_WeChat276997****"|"GuestUser"|5|5|5|5|5|Outstanding|"Other"|"Queen Room With Terrace"|"zh"|æœå‹™ç†±æƒ…ï¼Œæˆ¿é–“èˆ’é©ï¼Œæ¨è–¦|"2022-08-18 00:00:00"|0|2
544972785|"M400255****"|"GuestUser"|5|5|5|5|5|Outstanding|"Business travelers"|"Superior Double Room"|"zh"|å¾ˆå–œæ­¡é€™å®¶é…’åº—ï¼Œæ¯æ¬¡ä¾†åŒ—äº¬å‡ºå·®éƒ½æœƒé è¨‚é€™å®¶ï¼Œæœå‹™å¾ˆå¥½ï¼Œå‰å°å°å§‘å¨˜æ…‹åº¦å¥½ï¼Œæœå‹™å‘¨åˆ°ã€‚å•†å‹™å‡ºå·®é¦–é¸ã€‚æ¥µåŠ›æ¨è–¦ã€‚|"2021-07-20 23:59:00"|0|2
540158318|"_CFT0419799****"|"GuestUser"|5|5|5|5|5|Outstanding|"Couples"|"Superior Double Room"|"zh"|éå¸¸å–œæ­¡çš„é…’åº— æˆ¿é–“ä¸å¤§ä½†æ˜¯è¨­å‚™éå¸¸é½Šå…¨ æœå‹™ä¹Ÿéå¸¸æ£’é‚„æœ‰å¾ˆæœ‰æ„æ€çš„æ©Ÿå™¨äºº éå¸¸æ¨è–¦|"2021-09-19 23:59:00"|0|1
628949261|"M510599****"|"GuestUser"|5|5|5|5|5|Outstanding|"Other"|"Single Room"|"zh"|ä½çš„éå¸¸èˆ’æœ ç’°å¢ƒæ¥µä½³|"2022-08-24 00:00:00"|0|1
502154645|"M277446****"|"Nayaoyuandedashanyo"|5|5|5|5|5|Outstanding|"Couples"|"Multi-level Double Room"|"zh"|é…’åº—ä½ç½®ä¸éŒ¯ å¤§å»³é¢¨æ ¼å¾ˆåˆ¥ç·» æˆ¿é–“ä¹Ÿå¾ˆå®‰éœ è¨­æ–½ä¸€æµ æ¯å¤©22-23å…è²»æä¾›ä¸€ç¢—å°é¤›é£© é‚„æœ‰å…è²»çš„å’–å•¡ å†°ç®±è£é‚„æœ‰é£²æ–™|"2021-06-05 23:59:00"|0|1
660913547|"M55528****"|"DouglasFeng"|5|5|5|5|5|Outstanding|"Friends"|"Queen Room With View"|"zh"|å‰å°å°æ¥Šæœå‹™å‘¨åˆ°|"2022-11-14 00:00:00"|0|1
626721687|"M27586****"|"Phillren"|5|5|5|5|5|Outstanding|"Family"|"Superior Double Room"|"zh"|æ•´é«”é‚„ä¸éŒ¯ï¼Œæˆ¿å­å°é»ï¼|"2022-08-19 00:00:00"|0|1
716384351|"M518379****"|"GuestUser"|5|5|5|5|5|Outstanding|"Solo travelers"|"Multi-level Double Room"|"ja"|ä¸é”™ğŸ‘ğŸ‘ŒğŸ‘ŒğŸ‘Œ|"2023-01-26 00:00:00"|0|1
524816461|"M20755****"|"DaleiSissy"|4|4|4|4|4|Good|"Other"|"Deluxe Double Room"|"zh"|å‡ºå·®é è¨‚çš„ï¼Œä¸­è¦ä¸­çŸ©å§ï¼Œå‘¨é‚Šå¾ˆæ–¹ä¾¿ï¼Œé…’åº—å¾ˆæ–°ï¼Œç’°å¢ƒä¸éŒ¯ï¼Œæ…‹åº¦å¾ˆå¥½ï¼Œè£é¢çš„è¨­æ–½å¾ˆä¸éŒ¯ï¼Œæœå‹™äººå“¡çš„æ…‹åº¦å¾ˆå¥½|"2021-07-07 23:59:00"|0|2
552039030|"1381131****"|"GuestUser"|5|5|5|5|5|Outstanding|"Business travelers"|"Superior Double Room"|"zh"|Citigoé€™å€‹ç‰Œå­é‚„æ˜¯è »å–œæ­¡çš„ï¼ŒåŸä¾†ä¸€ç›´å‚¾å¿ƒå®œå¿…æ€ï¼Œç›®å‰ä¾†çœ‹ï¼Œå¦‚æœå‡ºå·®åŸå¸‚æœ‰citigoçš„è©±ï¼Œç›®å‰å¯ä»¥å‡ç´šç‚ºé¦–é¸äº†|"2021-05-28 23:59:00"|0|2
535769595|"M24138****"|"GuestUser"|5|5|5|5|5|Outstanding|"Business travelers"|"Single Room"|"zh"|ä½ç½®å¾ˆè¿‘ï¼Œç’°å¢ƒé‚„ä¸éŒ¯ã€‚ä¸»è¦æ˜¯æœå‹™å“¡äººå¥½ï¼Œæˆ‘ç”±æ–¼ç‰¹æ®ŠåŸå› å°è‡´æ²’æ‹¿è¡Œæï¼Œæœå‹™å“¡éå¸¸åŠæ™‚çš„å¹«æˆ‘æŠŠè¡Œææ‰“åŒ…å¯„å‡ºä¾†äº†|"2021-06-18 23:59:00"|0|1
624216137|"1860120****"|"GuestUser"|3|3|3|3|3||"Friends"|"Multi-level Double Room"|"zh"|æˆ¿é–“å¤ªå±€ä¿ƒï¼Œç‰†éºªå­—å¤ªå¤š|"2022-08-07 00:00:00"|0|2
641294133|"M25029****"|"AnonymousUser"|5|5|5|5|5|Outstanding|"Business travelers"|"Superior Memory Foam Double Room"|"zh"|å‰å°å°æ¥Šæœå‹™æ…‹åº¦å¥½|"2022-09-25 00:00:00"|0|1
707465625|"M499260****"|"GuestUser"|5|5|5|5|5|Outstanding|"Friends"|"Deluxe Double Room"|"zh"|ç’°å¢ƒå„ªé›…èˆ’é©|"2023-01-10 00:00:00"|0|1
625190161|"E2098****"|"AnonymousUser"|3.2|3|3|4|3||"Business travelers"|"Single Room"|"zh"|æœ‰äº›é™³èˆŠï¼Œæˆ¿é–“æœ‰èŸ‘è‚ã€‚|"2022-08-02 00:00:00"|0|1
505976771|"M308054****"|"Longlinyingkaoshu"|5|5|5|5|5|Outstanding|"Couples"|"Superior Double Room"|"zh"|åœ¨ä¸Šåœ°ï¼Œæœ‰é»åï¼Œæ›´é©åˆå•†å‹™å‡ºè¡Œå§ï¼Œè¨­æ–½å¾ˆä¸éŒ¯ï¼Œéå¸¸ç¾ä»£åŒ–ï¼Œè‡ªå‹•çª—å¸˜ä¸€é—œå°±å…¨é»‘äº†ï¼Œçœ‹å¾—å‡ºä¾†æœ‰ç”¨å¿ƒè¨­è¨ˆã€‚|"2021-06-26 23:59:00"|0|2
639954641|"300782****"|"GuestUser"|5|5|5|5|5|Outstanding|"Business travelers"|"Superior Double Room"|"zh"|æˆ¿é–“è¡›ç”Ÿä¹¾æ·¨ å®‰éœ|"2022-09-21 00:00:00"|0|3
502055236|"_CFT010000001255****"|"HangzhouHZ"|5|5|5|5|5|Outstanding|"Other"|"Queen Room With View"|"zh"|ç’°å¢ƒä¸éŒ¯ï¼Œæ°›åœå¾ˆå¥½ï¼Œè¾¦ç†å¾ˆå¿«ã€‚é…’åº—ä½ç½®ä¹Ÿéå¸¸åˆé©ï¼Œé¤å»³çš„å°é»å¿ƒæœ‰å¾ˆå¥½åƒçš„ç³•é»ï¼Œæ°´æœä¹Ÿä¸éŒ¯ï¼Œå–œæ­¡å¤§å»³çš„æ¨£å­ã€‚|"2021-06-04 23:59:00"|0|2
624064801|"M283105****"|"GuestUser"|5|5|5|5|5|Outstanding|"Business travelers"|"Single Room"|"zh"|ç’°å¢ƒä¸éŒ¯ï¼Œæœå‹™ä¹Ÿå¾ˆå¥½|"2022-08-12 00:00:00"|0|1
621613659|"1370192****"|"GuestUser"|5|5|5|5|5|Outstanding|"Other"|"Single Room"|"zh"|æœå‹™å¾ˆå¥½ å…¥ä½å¾ˆèˆ’æœ|"2022-08-07 00:00:00"|0|1
632560817|"M251240****"|"GuestUser"|4|4|4|4|4|Good|"Other"|"Single Room"|"zh"|ç’°å¢ƒå¾ˆå¥½ æœå‹™å‘¨åˆ°|"2022-09-01 00:00:00"|0|1
631972493|"_M1371832****"|"Baishanheishui"|5|5|5|5|5|Outstanding|"Business travelers"|"Single Room"|"zh"|ä½ç½®å¾ˆå¥½ï¼Œæœå‹™å¾ˆå¥½|"2022-08-31 00:00:00"|0|2
631248663|"M56531****"|"GuestUser"|5|5|5|5|5|Outstanding|"Business travelers"|"Queen Room With View"|"zh"|å‰å°å°å§æœå‹™å¾ˆç†±æƒ…|"2022-08-29 00:00:00"|0|1
499090021|"D0681****"|"GuestUser"|5|5|5|5|5|Outstanding|"Friends"|"Superior Double Room"|"zh"|é…’åº—ä¸éŒ¯ï¼Œé›¢é«˜éµç«™è¿‘ï¼Œäº¤é€šæ–¹ä¾¿ï¼Œé…’åº—è¡›ç”Ÿä¸éŒ¯ï¼Œæ—©é¤ä¹Ÿå¯ä»¥ï¼Œå”¯ä¸€ä¸è¶³æ˜¯æˆ¿é–“å¤ªå°ï¼Œä¸éåŒ—äº¬å¯¸åœŸå¯¸é‡‘ä¹Ÿå¯ä»¥ç†è§£|"2021-05-14 23:59:00"|0|2
626217729|"213025****"|"GuestUser"|5|5|5|5|5|Outstanding|"Business travelers"|""|"zh"|ç’°å¢ƒå¾ˆå¥½ï¼Œæ—©é¤å¾ˆæ£’|"2022-08-15 06:00:00"|0|1
710286731|"M16227****"|"jjc1997"|4|5|1|5|5|Good|"Couples"|"Multi-level Double Room"|"zh"|çœŸçš„å¤ªå°äº†|"2023-01-14 00:00:00"|0|2
629767399|"1381060****"|"GuestUser"|5|5|5|5|5|Outstanding|"Business travelers"|"Deluxe Double Room"|"zh"|å‰å°å°æ¥Šæœå‹™ç†±æƒ…ã€‚|"2022-08-11 00:00:00"|0|1
662073337|"M12058****"|"GuestUser"|5|5|5|5|5|Outstanding|"Other"|"Multi-level Double Room"|"zh"|å°æ¥Šæœå‹™å¾ˆå¥½|"2022-11-24 00:00:00"|0|2
647373263|"M364706****"|"GuestUser"|5|5|5|5|5|Outstanding|"Business travelers"|"Queen Room With View"|"zh"|éå¸¸ä¸éŒ¯çš„é«”é©—|"2022-10-10 00:00:00"|0|3
632854251|"213122****"|"GuestUser"|5|5|5|5|5|Outstanding|"Business travelers"|"Single Room"|"zh"|å¾ˆèˆ’æœï¼Œå¾ˆè²¼å¿ƒã€‚|"2022-09-03 23:59:00"|0|1
618691849|"M253671****"|"JesseLau80"|5|5|5|5|5|Outstanding|"Business travelers"|"Superior Double Room"|"zh"|éå¸¸å¥½ï¼Œé‚„é€äº†å’–å•¡|"2022-08-02 00:00:00"|0|2
503350673|"M305827****"|"GuestUser"|4.7|4|5|5|5|Wonderful|"Solo travelers"|"Single Room"|"zh"|é…’åº—ä½ç½®æœ‰ä¸€é»é»åï¼Œä½†æ˜¯æ‰“è»Šé‚„æ˜¯æŒºæ–¹ä¾¿çš„ï¼Œé…’åº—è£ä¿®å¾ˆæœ‰æ„Ÿè¦ºï¼Œæ€§åƒ¹æ¯”ä¸éŒ¯ï¼Œç¸½ä¹‹å€¼å¾—æ¨è–¦ï½|"2021-06-13 23:59:00"|0|1
633198365|"M223569****"|"GuestUser"|5|5|5|5|5|Outstanding|"Business travelers"|"Superior Double Room"|"zh"|å‰å°å°æ¥Šæœå‹™å¾ˆå¥½|"2022-08-30 00:00:00"|0|1
701051467|"300400****"|"GuestUser"|5|5|5|5|5|Outstanding|"Business travelers"|"Single Room"|"zh"|æœå‹™å¾ˆä¸éŒ¯|"2022-12-29 00:00:00"|0|2
502120362|"M270107****"|"GuestUser"|3.5|3|3|4|4|Fair|"Business travelers"|"Single Room"|"zh"|æˆ¿é–“æœ‰é»å°ï¼Œä½†è¨­æ–½é½Šå…¨ï¼Œè¡›ç”Ÿç’°å¢ƒéƒ½é‚„å¥½ï¼Œéä¾†å‡ºå·®äº†è§£ä¸æ˜¯å¾ˆå¤šï¼Œç›¸æ¯”æ–¼å‘¨é‚Šé‚„ç®—æ€§åƒ¹æ¯”ä¸éŒ¯|"2021-06-04 23:59:00"|0|1
654468459|"M276138****"|"GuestUser"|5|5|5|5|5|Outstanding|"Business travelers"|"Single Room"|"zh"|å¾ˆå¥½ï¼Œå¾ˆèˆ’é©|"2022-10-30 00:00:00"|0|1
535234883|"M311370****"|"AnonymousUser"|3|3|3|3|3||"Couples"|"Superior Double Room"|"zh"|éš”éŸ³ä¸æ˜¯å¾ˆå¥½ï¼Œä¸€æ¨“å¤§å»³æœ‰å…±åŒçš„å»³å¾ˆä¸éŒ¯ï¼Œå¤–è³£éœ€è¦è‡ªå·±åˆ°é–€å£è²¨æ¶å–|"2021-08-13 23:59:00"|0|2
538914844|"M328495****"|"GuestUser"|4|4|4|4|4|Good|"Business travelers"|"Single Room"|"zh"|ä¸éŒ¯ å°±æ˜¯å’Œå…¶ä»–åŸå¸‚çš„åŒæ¨£ç‰Œå­æ¯”å·®å¤ªå¤šäº† å‰å°äººå¾ˆå¥½çµ¦å‡ç´šäº†æˆ¿é–“ |"2021-08-04 23:59:00"|0|2
622052151|"1350105****"|"Kalashengweisenteluzhaolin"|5|5|5|5|5|Outstanding|"Business travelers"|"Multi-level Double Room"|"zh"|å¥½æ¥µäº†ï¼Œè³“è‡³å¦‚æ­¸|"2022-08-10 00:00:00"|0|1
637248051|"_WeChat411788****"|"GuestUser"|5|5|5|5|5|Outstanding|"Business travelers"|"Single Room"|"zh"|é›¢æ¸…æ²³ç«™å¾ˆè¿‘ã€‚|"2022-09-13 00:00:00"|0|1
500271388|"320248****"|"Yigexiangmujingli"|5|5|5|5|5|Outstanding|"Business travelers"|"Queen Room With View"|"zh"|ä¸­é—œæ‘è»Ÿä»¶åœ’é™„è¿‘æ€§åƒ¹æ¯”æ¯”è¼ƒå¥½çš„é…’åº—ï¼Œè¾¦ç†å…¥ä½æ‰‹çºŒå¿«ã€‚æ´—æ¼±ç”¨å“éœ€è¦è‡ªåŠ©ï¼Œåœ¨å¤§å»³å¯ä»¥é ˜å–ã€‚|"2021-05-19 23:59:00"|0|1
636070565|"1324513****"|"KingGene"|5|5|5|5|5|Outstanding|"Friends"|"Superior Double Room"|"zh"|é…’åº—å‰å°æœå‹™å¥½|"2022-09-11 00:00:00"|0|2
543748926|"_WeChato33GsjnhV****"|"GuestUser"|5|5|5|5|5|Outstanding|"Other"|"Queen Room With View"|"zh"|é…’åº—ç’°å¢ƒä¸éŒ¯ï¼Œæœå‹™å¾ˆå¥½ï¼Œæ—©é¤ä¹Ÿå¾ˆè±ç››å£å‘³ä¹Ÿå¾ˆè´Šã€‚|"2021-10-04 23:59:00"|0|2
643575863|"M504556****"|"GuestUser"|5|5|5|5|5|Outstanding|"Friends"|"Queen Room With Terrace"|"zh"|æˆ¿é–“éå¸¸ä¹¾æ·¨|"2022-10-01 00:00:00"|0|1
642833199|"M284573****"|"AnonymousUser"|5|5|5|5|5|Outstanding|"Couples"|"Queen Room With View"|"zh"|éå¸¸å¥½ä½ï¼Ÿï¼|"2022-09-29 00:00:00"|0|1
659623575|"_CFT0280343****"|"Lukasxi"|5|5|5|5|5|Outstanding|"Solo travelers"|"Single Room"|"zh"|æ—©é¤é‚„ä¸éŒ¯|"2022-11-15 00:00:00"|0|1
498940227|"M372646****"|"GuestUser"|4.7|5|4|5|5|Wonderful|"Couples"|"Queen Room With View"|"zh"|é€äº†å®µå¤œï¼Œé‚„æœ‰å»¶é²é€€æˆ¿ã€‚æ™šä¸Šé—œäº†ç‡ˆä¹‹å¾Œç…™éœ§å ±è­¦å™¨é‚„æ˜¯ä»€éº¼çªç„¶äº®äº†ç´…å…‰åš‡äº†ä¸€è·³ã€‚|"2021-05-16 23:59:00"|0|2
503957770|"bluephone****"|"GuestUser"|4.5|5|3|5|5|Very Good|"Other"|"Queen Room With View"|"zh"|é…’åº—éºªç©æœ‰é»å°ï¼Œçª—å¸˜ä¹Ÿæ‰¾ä¸åˆ°ï¼Œä½†é…’åº—å¤§å ‚è¨­è¨ˆæ„Ÿå¾ˆå¼·ï¼Œæˆ¿é–“å…§é£¾ç²¾ç·»|"2021-06-17 23:59:00"|0|2
652274345|"M318078****"|"GuestUser"|5|5|5|5|5|Outstanding|"Friends"|"Superior Double Room"|"zh"|æœå‹™éå¸¸å¥½|"2022-10-15 00:00:00"|0|2
494853051|"_M1355248****"|"GuestUser"|3.7|4|3|4|4|Fair|"Business travelers"|"Superior Double Room"|"zh"|ä¸éš”éŸ³ï¼Œä¾¿æ·å¼é…’åº—ï¼Œæˆ¿å‹å°ï¼Œå¾ˆç·Šæ¹Šï¼Œå°é–‹é–“ï¼Œç¶²é€Ÿæœ‰å¾…æé«˜ï¼Œç¬¦åˆå¹´è¼•äººè¨­è¨ˆé¢¨æ ¼|"2021-04-25 23:59:00"|0|2
553927296|"E3819****"|"GuestUser"|4|4|4|4|4|Good|"Business travelers"|"Superior Double Room"|"zh"|æŒºå¥½ï¼Œæ—©é£¯ä¹Ÿæ¯”è¼ƒè±å¯Œï¼Œé›¢åœ“æ˜åœ’ç­‰æ™¯é»å¾ˆè¿‘|"2021-09-29 23:59:00"|0|1
623872545|"1520159****"|"GuestUser"|5|5|5|5|5|Outstanding|"Friends"|"Deluxe Double Room"|"zh"|è¡›ç”Ÿæœå‹™ç†±æƒ…|"2022-08-11 00:00:00"|0|1
501293273|"D5824****"|"Xiongmaoxiaochunjie"|5|5|5|5|5|Outstanding|"Other"|"Single Room"|"zh"|å‰å°æœå‹™é‚„æ˜¯å¾ˆè¿…é€Ÿçš„ï¼Œä¸ç”¨ç­‰ï¼Œè€Œä¸”æ»¿è¶³éœ€æ±‚çµ¦å»¶é•·äº†å…©å°æ™‚ï¼Œæ„Ÿè¬|"2021-05-30 23:59:00"|0|1
564897740|"M27333****"|"Qidabao"|5|5|5|5|5|Outstanding|"Family"|"Multi-level Double Room"|"zh"|ğŸš— äº¤é€šï¼šå¥½ ğŸ§¹è¡›ç”Ÿï¼šå¥½ ğŸƒç’°å¢ƒï¼šå¥½ ğŸ””æœå‹™ï¼šå¥½ å¥½|"2021-07-16 00:00:00"|0|2
620360693|"_WeChat49699****"|"GuestUser"|5|5|5|5|5|Outstanding|"Other"|"Superior Double Room"|"zh"|æˆ¿é–“å®‰éœä¸éŒ¯|"2022-08-07 00:00:00"|0|1
503653733|"1336183****"|"Shaoxiaoxiao"|4.7|5|4|5|5|Wonderful|"Other"|"Queen Room With Terrace"|"zh"|é™¤äº†æˆ¿å‹ä¸å¤ªæ»¿æ„ï¼Œå…¶ä»–éƒ½ä¸éŒ¯ã€‚ä¸»è¦é›¢æ¸…æ²³ç«™è¿‘ï¼Œå‡ºè¡Œå¾ˆæ–¹ä¾¿ã€‚|"2021-06-13 23:59:00"|0|3
515076153|"E17207****"|"Xibokelameiyoudi"|5|5|5|5|5|Outstanding|"Solo travelers"|"Queen Room With Terrace"|"zh"|éå¸¸æœ‰è¨­è¨ˆæ„Ÿå’Œæ´»åŠ›ï¼Œé™¤äº†æˆ¿é–“æœ‰é»å°ä¹‹å¤–ï¼Œæ²’æœ‰ä»»ä½•ç¼ºé»|"2021-07-09 23:59:00"|0|2
638461961|"1860384****"|"GuestUser"|5|5|5|5|5|Outstanding|"Business travelers"|"Single Room"|"zh"|éå¸¸æ»¿æ„çš„|"2022-09-15 00:00:00"|0|1
631482863|"_WeChat278094****"|"GuestUser"|5|5|5|5|5|Outstanding|"Business travelers"|"Superior Double Room"|"zh"|æœå‹™æ…‹åº¦å¥½|"2022-08-29 00:00:00"|0|1
498581577|"M224606****"|"Anyuepinghengshi"|5|5|5|5|5|Outstanding|"Couples"|"Deluxe Double Room"|"zh"|ç’°å¢ƒéå¸¸æ£’ï¼ŒåºŠå¢Šæ”¯æ’æ€§è¶³å¤ ï¼Œæœ¬ä¾†è…°ç–¼ï¼Œç¡äº†ä¸€æ™šä¸Šé‚„æ˜¯æ¯”è¼ƒèˆ’æœçš„ã€‚|"2021-04-17 23:59:00"|0|1
525524821|"M17618****"|"GuestUser"|5|5|5|5|5|Outstanding|"Family"|"Multi-level Double Room"|"zh"|å¾ˆå¥½çš„é…’åº— èˆ’æœ æœ‰æ—©é¤ åœè»Šå ´ é‚„å¯ä»¥åŠ åºŠ|"2021-07-24 23:59:00"|0|1
631824793|"M302542****"|"AnonymousUser"|4.5|3|5|5|5|Very Good|"Business travelers"|"Deluxe Double Room"|"zh"|å™ªéŸ³æœ‰é»å¤§|"2022-08-20 00:00:00"|0|3
541534534|"320658****"|"GuestUser"|5|5|5|5|5|Outstanding|"Business travelers"|"Queen Room With View"|"zh"|ğŸ§¹è¡›ç”Ÿï¼šä¹¾æ·¨åˆ©è½ï¼Œä¸€æ¬¡æ„‰å¿«çš„é«”é©—ã€‚|"2021-09-29 23:59:00"|0|1
505529739|"M55821****"|"GuestUser"|5|5|5|5|5|Outstanding|"Business travelers"|"Single Room"|"zh"|æ—©é¤å¾ˆå¥½åƒï¼Œé‚„æœ‰å¤œå®µã€‚é‚„å°ˆé–€æä¾›äº†è¾¦å…¬å€ã€‚è¶…ç´šæ£’|"2021-06-28 23:59:00"|0|1
525046380|"guanjun****"|"guanjun2000"|4|4|4|4|4|Good|"Other"|"Superior Double Room"|"zh"|ä½ç½®é‚„ç®—å¯ä»¥ï¼Œå°±æ˜¯å‘¨åœé£²é£Ÿä¸æ˜¯ç‰¹åˆ¥æ–¹ä¾¿ã€‚|"2021-07-23 23:59:00"|0|3
502565340|"M34147****"|"Xiaojiuwoxigua"|5|5|5|5|5|Outstanding|"Business travelers"|"Queen Room With Terrace"|"zh"|ç†±æƒ…æœ‰ç†ç¬¬ä¸€æ¬¡è¦‹æ—©é¤12é»æ‰çµæŸå–œå¾—æ¨è–¦å€‹åœ°æ–¹|"2021-06-08 23:59:00"|0|3
416895333|"M40018****"|"Feiqilaidewo"|5|5|5|5|5|Outstanding|"Couples"|"Superior Double Room"|"zh"|æˆ¿é–“ç’°å¢ƒç‰¹åˆ¥å¥½ï¼Œæ€§åƒ¹æ¯”é«˜ã€‚æ²æµ´éœ²æ´—é«®æ°´èº«é«”ä¹³ä¸€æ¨£ä¿±å…¨ï¼Œé‚„æœ‰ç€ä¸€è‚¡æ©™èŠ±é¦™å‘³å°æ–¼æˆ‘é€™ç¨®å°æ´—è­·æ¯”è¼ƒè¬›ç©¶çš„äººç°¡ç›´çœŸæ„›äº†ã€‚é‚„æœ‰æˆ¿é–“ç©ºé–“ä¹Ÿå¾ˆå¤§ï¼Œå„ç¨®åºŠä¹Ÿèˆ’æœã€‚å±‹å­è£¡çš„ç©ºæ°£ä¹Ÿé¦™é¦™çš„ï¼Œã€‚é‚„çµ¦é…äº†ä¸€å€‹è¶…å¤§çš„éŸ³éŸ¿ã€‚å“‡å“‡å“‡æ¯”æˆ‘ä¸Šæ¬¡åœ¨ä»€éº¼citigoä½çš„ç°¡ç›´ä¸è¦å¥½å¤ªå¤šï¼Œä»¥å¾Œä½é…’åº—é‚„æ˜¯è¦é¸çŸ¥åé€£é–çš„ï¼Œæœ‰ä¿è­‰ã€‚ æ—©é¤ä¹Ÿæ˜¯çœŸçš„å¥½ï¼Œä¸­é¤è¥¿é¤ã€‚é‚„æœ‰ä¹Ÿå¾ˆäººæ€§åŒ–ï¼Œä¸æœƒèªªåé»é–‰é¤åå°±ä¸è®“é€²äº†ã€‚é…’åº—ä½ç½®çš„åœè»Šå ´ä¹Ÿå¾ˆå¤§|"2020-05-13 23:59:00"|0|2
517451624|"M284715****"|"Susanli"|3.7|4|3|4|4|Fair|"Business travelers"|"Single Room"|"zh"|ä¹¾æ·¨ï¼Œæœå‹™æ…‹åº¦ä¹Ÿæ¯”è¼ƒå¥½ã€‚é‚„æœƒå†å»å…¥ä½ã€‚|"2021-07-07 23:59:00"|0|2
496927106|"1583800****"|"Mozhaimomo"|4.2|4|4|5|4|Good|"Other"|"Queen Room With Terrace"|"zh"|è¡›ç”Ÿæœ‰å¾…æé«˜ï¼ŒåºŠé‚Šéƒ½æ˜¯é ­é«®ï¼Œæ¯›å·¾æµ´å·¾æ‰æ¯›å¤ªå²å®³ï¼|"2021-05-03 23:59:00"|0|2
521469643|"200029****"|"johnson11"|5|5|5|5|5|Outstanding|"Business travelers"|"Single Room"|"zh"|é…’åº—ä½ç½®å¾ˆå¥½ï¼Œäº¤é€šæ–¹ä¾¿ï¼Œå‰å°æ–¹æ–¹æœå‹™æ…‹åº¦å¥½|"2021-06-05 23:59:00"|0|2
538042913|"_WeChat312218****"|"Chenxiaowei"|5|5|5|5|5|Outstanding|"Business travelers"|"Queen Room With View"|"zh"|ğŸ§¹è¡›ç”Ÿï¼šç‰¹åˆ¥å¥½ ğŸƒç’°å¢ƒï¼šå¾ˆå–œæ­¡ ğŸ””æœå‹™ï¼šå¾ˆå‘¨åˆ°|"2021-05-11 23:59:00"|0|1
500976229|"M55781****"|"GuestUser"|5|5|5|5|5|Outstanding|"Business travelers"|"Superior Double Room"|"zh"|é›¢åœ°éµé«˜éµç«™éƒ½éå¸¸è¿‘ï¼Œè¶•æ—©ç­è»Šé©åˆå…¥ä½ï¼Œ|"2021-05-28 23:59:00"|0|1
503307824|"M246696****"|"GuestUser"|4.7|5|4|5|5|Wonderful|"Business travelers"|"Single Room"|"zh"|æœå‹™ä¸éŒ¯ï¼Œåœ°ç†ä½ç½®å¾ˆå¥½ï¼Œæ€§åƒ¹æ¯”æ¯”è¼ƒé«˜ã€‚|"2021-05-30 23:59:00"|0|2
520505554|"M232434****"|"GuestUser"|5|5|5|5|5|Outstanding|"Family"|"Superior Double Room"|"zh"|æ—©æ™¨å¾ˆæ£’ï¼Œç’°å¢ƒå¾ˆå¥½ï¼Œè¡›ç”Ÿä¹Ÿå¾ˆä¹¾å‡ˆ|"2021-07-14 23:59:00"|0|2
506339681|"110035****"|"GuestUser"|5|5|5|5|5|Outstanding|"Business travelers"|"Multi-level Double Room"|"zh"|ç‘åº—ä½ç½®ä¸éŒ¯ï¼Œç‘åº—å¤§å ‚æœ‰éœ„å¤œï¼Œéå¸¸æ£’|"2021-05-28 23:59:00"|0|1
503032388|"320808****"|"GuestUser"|5|5|5|5|5|Outstanding|"Friends"|"Superior Double Room"|"zh"|æˆ¿é–“çš„éš”éŸ³ä¸éŒ¯ï¼Œé…’åº—ä¸€å±¤å°±èƒ½ç”¨é¤ã€‚|"2021-06-11 23:59:00"|0|1
542142645|"M370060****"|"AnonymousUser"|5|5|5|5|5|Outstanding|"Other"|"Multi-level Double Room"|"zh"|æˆ¿é–“èˆ’é© ğŸ§¹è¡›ç”Ÿï¼šå¾ˆå¥½|"2021-10-02 23:59:00"|0|2
538587467|"M43091****"|"GuestUser"|5|5|5|5|5|Outstanding|"Business travelers"|"Multi-level Double Room"|"zh"|äº¤é€šä¾¿åˆ© åœè»Šä¹Ÿå¾ˆæ–¹ä¾¿ |"2021-09-07 23:59:00"|0|1
546168895|"300887****"|"GuestUser"|5|5|5|5|5|Outstanding|"Other"|"Superior Double Room"|"zh"|æ„Ÿè¦ºæŒºå¥½ï¼Œé…’åº—æœå‹™ä¹Ÿä¸éŒ¯|"2021-09-04 23:59:00"|0|1
417487620|"320571****"|"GuestUser"|3.5|4|3|3|4|Fair|"Business travelers"|"Deluxe Double Room"|"zh"|å¯¦èªªèªªä¸ç†è§£ç‚ºä»€éº¼è¦æ¨™ä¸€å€‹å››æ˜Ÿ å…¶å¯¦å°±æ˜¯å¿«æ·é…’åº— ä¸è«–å‰å°æœå‹™é‚„æ˜¯æˆ¿é–“æ ¼å±€ ç•¶ç„¶ å”¯ä¸€æœ‰é»å°±æ˜¯è·é›¢æ¸…æ²³ç«è»Šç«™ç‰¹åˆ¥è¿‘ é©åˆç¬¬äºŒå¤©ä¸€æ—©åç«è»Šçš„æœ‹å‹|"2020-05-19 23:59:00"|0|3
500775808|"M258308****"|"LornaWang"|5|5|5|5|5|Outstanding|"Business travelers"|"Queen Room With View"|"zh"|æˆ¿é–“åå°ï¼Œå¤§åºŠæˆ¿çš„åºŠä¹Ÿè¡¹æ˜¯1.5ç±³|"2021-05-22 23:59:00"|0|1
504957393|"M11859****"|"GuestUser"|5|5|5|5|5|Outstanding|"Business travelers"|"Queen Room With Terrace"|"zh"|æ”œç¨‹è¡Œæç®¡å®¶å¾ˆæ–¹ä¾¿ï¼Œé…’åº—æœå‹™å¥½|"2021-06-20 23:59:00"|0|1
538182754|"M43364****"|"AnonymousUser"|3.7|3|3|5|4|Fair|"Solo travelers"|"Single Room"|"zh"|æˆ¿é–“ç•¥é¡¯æ“æ“  è¨­æ–½å’Œè¡›ç”Ÿéƒ½æœ‰å¾…æé«˜|"2021-05-15 23:59:00"|0|2
522862334|"M43885****"|"Marcowh"|5|5|5|5|5|Outstanding|"Business travelers"|"Queen Room With View"|"zh"|äº¤é€šä¾¿åˆ©ï¼Œèˆ’é©æ•´æ½”ï¼Œæœå‹™æ…‹åº¦æ¥µå¥½ã€‚|"2021-05-11 23:59:00"|0|1
536498571|"Sunshinesmil****"|"GuestUser"|5|5|5|5|5|Outstanding|"Other"|"Single Room"|"zh"|äº¤é€šä¾¿åˆ© é›¢åœ°éµç«™ç‰¹åˆ¥è¿‘|"2021-08-08 23:59:00"|0|1
496516095|"M335235****"|"GuestUser"|5|5|5|5|5|Outstanding|"Couples"|"Queen Room With View"|"zh"|é©åˆå¹´è¼•äººå…¥ä½ ï¼Œéå¸¸å¥½çš„ä¸€å®¶é…’åº—|"2021-05-04 23:59:00"|0|3
503023134|"_WeChat267163****"|"Andesenxu"|4.7|5|4|5|5|Wonderful|"Business travelers"|"Queen Room With Terrace"|"zh"|ä½ç½®é‚„ä¸éŒ¯  ä½†å°±æ˜¯æˆ¿é–“å°äº†é»|"2021-05-20 23:59:00"|0|1
498581647|"M474153****"|"GuestUser"|5|5|5|5|5|Outstanding|"Couples"|"Queen Room With View"|"zh"|æœå‹™å¾ˆå¥½ï¼Œè¾¦ç†å…¥ä½ï¼Œé€€æˆ¿å¾ˆå¿«ã€‚|"2021-05-14 23:59:00"|0|1
452286128|"M53020****"|"GuestUser"|5|5|5|5|5|Outstanding|"Other"|"Queen Room With View"|"zh"|æˆ¿é–“ä¸å«æ—©é¤ï¼Œæˆ¿é–“çš„éºªç©å…¶å¯¦å¾ˆå°ï¼Œä½†æ˜¯åœ¨åŒ—äº¬å¯¸åœŸå¯¸é‡‘çš„åœ°æ–¹å¯èƒ½ä¹Ÿæ²’æœ‰è¾¦æ³•å§ã€‚è¨­æ–½å¾ˆå…ˆé€²ï¼Œçª—å¸˜ï¼Œé›»è¦–é‚„æœ‰USBæ’å£éƒ½æŒºæ£’çš„ã€‚|"2020-04-23 23:59:00"|0|1
505798087|"118717****"|"Youyongdeyuba"|5|5|5|5|5|Outstanding|"Business travelers"|"Superior Double Room"|"zh"|ä¹¾æ·¨è¡›ç”Ÿï¼Œå‰å°æ¥å¾…ç†±æƒ…ã€‚|"2021-06-26 23:59:00"|0|2
498581835|"M250484****"|"GuestUser"|3.7|4|3|4|4|Fair|"Couples"|"Superior Double Room"|"zh"|æœ‰å…è²»åœè»Šå ´ï¼Œæ—©é¤ä¹Ÿé‚„å¯ä»¥ï½|"2021-05-14 23:59:00"|0|1
538582742|"M58803****"|"GuestUser"|5|5|5|5|5|Outstanding|"Business travelers"|"Superior Memory Foam Double Room"|"zh"|ç’°å¢ƒå¥½ æœå‹™ä¹Ÿä¸éŒ¯|"2021-09-07 23:59:00"|0|1
504354643|"M39980****"|"GuestUser"|5|5|5|5|5|Outstanding|"Other"|"Single Room"|"zh"|æ—©é¤é‚„ä¸éŒ¯ï¼Œå…è²»å‡ç´šäº†æˆ¿é–“|"2021-05-15 23:59:00"|0|2
566701619|"M472923****"|"GuestUser"|5|5|5|5|5|Outstanding|"Business travelers"|"Single Room"|"zh"|å¾ˆä¸éŒ¯ï¼Œæœå‹™å¾ˆå¥½|"2021-09-20 00:00:00"|0|1
501141251|"M13710****"|"GuestUser"|5|5|5|5|5|Outstanding|"Business travelers"|"Superior Double Room"|"zh"|ç’°å¢ƒä¸éŒ¯ï¼è¨­æ–½ä¹Ÿå¾ˆæœ‰ç‰¹è‰²|"2021-05-29 23:59:00"|0|2
539188212|"1367838****"|"GuestUser"|5|5|5|5|5|Outstanding|"Friends"|"Superior Double Room"|"zh"|æœå‹™å¥½ äº¤é€šæ–¹ä¾¿|"2021-09-13 23:59:00"|0|1
413200839|"M269153****"|"GuestUser"|2|2|2|2|2||"Couples"|"Multi-level Double Room"|"zh"|å†¬å¤©å’Œå¥³æœ‹å‹é«”é©—loftï¼Œæ„Ÿè¦ºä¸€èˆ¬ï¼ŒäºŒå±¤å¤ªå°äº†ï¼ŒååºŠä¸Šçœ‹é›»è¦–æ²’åé çš„åœ°æ–¹ï¼Œé›¢é›»è¦–ä¹Ÿå¤ªè¿‘äº†ã€‚å¯èƒ½å¤å¤©å¥½é»å§ï¼Œå› ç‚ºæœ‰å€‹å°çš„éœ²å¤©é™½å°ã€‚ä½†æ˜¯é€™æ¬¡æ„Ÿå—å¯¦åœ¨å¤ªå·®ã€‚|"2020-01-24 23:59:00"|0|1
519262383|"1391021****"|"Sunnyzhangchunli"|5|5|5|5|5|Outstanding|"Family"|"Queen Room With Terrace"|"zh"|æœå‹™å‘¨åˆ°  è¨­æ–½æ™ºèƒ½|"2021-07-08 23:59:00"|0|2
504600387|"M20488****"|"GuestUser"|5|5|5|5|5|Outstanding|"Other"|"Single Room"|"zh"|ä¸€æ¨“å¤§å»³çš„å¤§å¯«å­—æª¯å¾ˆå¥½|"2021-06-07 23:59:00"|0|1
535634119|"M32227****"|"GuestUser"|1|1|1|1|1||"Solo travelers"|"Multi-level Double Room"|"zh"|æˆ¿é–“å¤ªå°ï¼Œéš”éŸ³æ•ˆæœå¾ˆå·®|"2021-05-26 23:59:00"|0|1
498575201|"M421209****"|"GuestUser"|5|5|5|5|5|Outstanding|"Business travelers"|"Superior Double Room"|"zh"|é‚„ä¸éŒ¯ï¼Œå‡ºå·®ä½æŒºæ–¹ä¾¿çš„|"2021-05-14 23:59:00"|0|1
502614716|"M470806****"|"Hanmengyan"|4|4|4|4|4|Good|"Business travelers"|"Single Room"|"zh"|å¤ªå°äº†ï¼Œä¸å€¼é‚£å€‹åƒ¹æ ¼|"2021-06-08 23:59:00"|0|2
498696001|"_WeChat250701****"|"XiranWang"|5|5|5|5|5|Outstanding|"Other"|"Queen Room With View"|"zh"|ä½ç€å¾ˆæ–¹ä¾¿ æ€§åƒ¹æ¯”è¶…é«˜|"2021-05-13 23:59:00"|0|1
532937823|"M0580****"|"GuestUser"|5|5|5|5|5|Outstanding|"Friends"|"Queen Room With View"|"zh"|ç’°å¢ƒä¸éŒ¯è·é›¢é«˜éµç«™å¾ˆè¿‘|"2021-05-04 23:59:00"|0|2
537864867|"mingxing****"|"AnonymousUser"|5|5|5|5|5|Outstanding|"Business travelers"|"Queen Room With View"|"zh"|ç’°å¢ƒå„ªé›…ï¼Œæœå‹™å‘¨åˆ°|"2021-06-16 23:59:00"|0|2
531123231|"1391136****"|"Yalishandeluofuxiahouba"|3.5|3|3|4|4|Fair|"Other"|"Single Room"|"zh"|å®‰éœï¼Œè¨­æ–½ä¸éŒ¯|"2021-07-30 23:59:00"|0|1
419434315|"M12920****"|"GuestUser"|4.2|4|5|4|4|Good|"Business travelers"|"Queen Room With View"|"zh"|åºŠå¾ˆå°æˆ¿é–“ä¹Ÿç·Šæ¹Šï¼Œä¸éè©²æœ‰çš„éƒ½æœ‰çš„ï¼ŒåºŠç¡ç€ä¹Ÿå¾ˆèˆ’æœï¼Œå¤§å ‚å§æ„Ÿè¦ºå¥½å—¨å‘¦ï¼Œé…’å§å—¨èµ·ä¾†çš„è¶•è…³ã€‚æ²’è¾¦æ³•å‡ºå·®ä¿å‡†å—é™ã€‚ æˆ¿é–“å¾ˆé…·|"2020-01-05 23:59:00"|0|2
504299153|"1861243****"|"GuestUser"|1|1|1|1|1||"Other"|"Superior Double Room"|"zh"|æœå‹™ä¸€èˆ¬ï¼Œæˆ¿é–“åå°|"2021-05-03 23:59:00"|0|2
543240185|"E2206****"|"GuestUser"|5|5|5|5|5|Outstanding|"Other"|"Single Room"|"zh"|å“ˆå“ˆå“ˆå“ˆå“ˆå“ˆå“ˆ|"2021-07-03 23:59:00"|0|2
423921239|"118427****"|"GuestUser"|3.2|4|3|2|4||"Business travelers"|"Queen Room With View"|"zh"|æˆ¿é–“å¤ªå°äº† ä½å¾—å¼Šå±ˆâ‹¯åœ°æ–¹ä¹Ÿå¤ªé ä¸€ä¸€ä¸çŸ¥å¥½è©•å¾ä½•ä¾† ä¸æœƒå†ä½|"2020-05-26 23:59:00"|0|1
503503224|"M226415****"|"bourneah"|5|5|5|5|5|Outstanding|"Couples"|"Deluxe Double Room"|"zh"|é…’åº—ç’°å¢ƒå¾ˆä¸éŒ¯|"2021-06-13 23:59:00"|0|1
517446269|"_WeChat37233****"|"GuestUser"|5|5|5|5|5|Outstanding|"Business travelers"|"Single Room"|"zh"|ä»¥å¾Œé‚„å¯ä»¥å†å»|"2021-05-29 23:59:00"|0|2
502164053|"M270861****"|"GuestUser"|4.2|4|4|5|4|Good|"Business travelers"|"Multi-level Double Room"|"zh"|æœ‰å¤œå®µå’Œå’–å•¡|"2021-06-05 23:59:00"|0|1
497931275|"M246678****"|"GuestUser"|5|5|5|5|5|Outstanding|"Solo travelers"|"Superior Double Room"|"zh"|å¾ˆèˆ’æœ è¼•é¬†|"2021-05-07 23:59:00"|0|1
422640925|"300861****"|"GuestUser"|4|4|4|4|4|Good|"Business travelers"|"Queen Room With View"|"zh"|æˆ¿é–“æ¯”è¼ƒå°ï¼Œå‡ºå·®é å®šçš„ï¼Œåœ¨å¥ç§‘å¤§å»ˆæ—é‚Šï¼Œéå¸¸æ–¹ä¾¿ï¼Œæˆ¿é–“æœ‰é»å°äº†ï¼Œå…¶ä»–çš„é‚„è¡Œ|"2020-01-12 23:59:00"|0|2
516595287|"_WeChat28935****"|"GuestUser"|5|5|5|5|5|Outstanding|"Other"|"Superior Double Room"|"zh"|æŒºå¥½çš„çš„çš„|"2021-06-22 23:59:00"|0|2
504551241|"yirenh****"|"GuestUser"|4.7|5|4|5|5|Wonderful|"Business travelers"|"Superior Double Room"|"zh"|æœ‰åœè»Šå ´çš„|"2021-06-20 23:59:00"|0|2
498006513|"M301314****"|"GuestUser"|5|5|5|5|5|Outstanding|"Other"|"Queen Room With View"|"zh"|éå¸¸éå¸¸å¥½å•Š|"2021-05-02 23:59:00"|0|1
541587829|"_WeChat282707****"|"GuestUser"|5|5|5|5|5|Outstanding|"Couples"|"Queen Room With View"|"zh"|å“ˆå“ˆå“ˆå“ˆå“ˆ|"2021-06-12 23:59:00"|0|2
501380271|"M226860****"|"GuestUser"|5|5|5|5|5|Outstanding|"Couples"|"Queen Room With View"|"zh"|å¾ˆå¥½å¾ˆä¹¾å‡ˆ|"2021-05-23 23:59:00"|0|3
499213797|"117175****"|"GuestUser"|5|5|5|5|5|Outstanding|"Solo travelers"|"Superior Double Room"|"zh"|ä¸éŒ¯ä¸éŒ¯å•Š|"2021-05-17 23:59:00"|0|1
498981643|"_CFT0271447****"|"AnonymousUser"|4|4|4|4|4|Good|"Other"|"Superior Double Room"|"zh"|ç©ºé–“æœ‰é»å°|"2021-05-16 23:59:00"|0|2
416357399|"M57042****"|"GuestUser"|5|5|5|5|5|Outstanding|"Business travelers"|"Superior Double Room"|"zh"|è¡›ç”Ÿå¾ˆä¹¾å‡ˆï¼Œæœå‹™å¾ˆå¥½ï¼Œå€¼å¾—æ¨è–¦ï¼|"2020-05-11 23:59:00"|0|1
427300700|"wujun****"|"Maddog2"|4.5|4|4|5|5|Very Good|"Business travelers"|"Single Room"|"zh"|å°±åœ¨ä¸Šåœ°çš„æ–¹æ­£å¤§å»ˆå°éºªã€‚|"2020-06-17 23:59:00"|0|2
414952106|"hwxia****"|"Wudaoshusheng"|4.2|4|4|4|5|Good|"Solo travelers"|"Queen Room With View"|"zh"|æˆ¿é–“å¾ˆå°ï¼Œä¸éé€™å€‹åƒ¹æ ¼ä¹Ÿä¸é«˜|"2020-04-30 23:59:00"|0|2
417769136|"M224735****"|"moxiaoxi"|5|5|5|5|5|Outstanding|"Business travelers"|"Superior Double Room"|"zh"|æ—©é¤å¾ˆè±å¯Œ å·¥ä½œäººå“¡å¾ˆè¦ªå’Œ|"2020-05-14 23:59:00"|0|2
425106865|"_WeChat11348****"|"9haochenggong"|4|4|4|4|4|Good|"Business travelers"|"Queen Room With View"|"zh"|é…’åº—ä¸éŒ¯ï¼Œé©åˆå•†å‹™å‡ºå·®|"2020-05-18 23:59:00"|0|1
414093638|"M262020****"|"Gdaye"|4.7|5|5|5|4|Wonderful|"Couples"|"Deluxe Double Room"|"zh"|å°æˆ¿é–“ä½çš„å¾ˆèˆ’æœå¾ˆæœ‰æ„Ÿè¦º|"2020-04-20 23:59:00"|0|2
417817562|"_WeChat300765****"|"suwnei663"|5|5|5|5|5|Outstanding|"Business travelers"|"Single Room"|"zh"|è£ä¿®ä¸éŒ¯ï¼Œæˆ¿é–“ä¹¾æ·¨|"2020-05-24 23:59:00"|0|2
418075828|"300025****"|"GuestUser"|5|5|5|5|5|Outstanding|"Business travelers"|"Queen Room With View"|"zh"|é‚„å¯ä»¥ã€å°±æ˜¯åºŠå¤ªé«˜äº†|"2020-01-21 23:59:00"|0|1
412791069|"_WB61563****"|"GuestUser"|5|5|5|5|5|Outstanding|"Friends"|"Queen Room With View"|"zh"|ç’°å¢ƒæ˜¯æ²’å¾—èªªï¼å¾ˆå–œæ­¡|"2020-01-11 23:59:00"|0|1
416907947|"M251044****"|"GuestUser"|5|5|5|5|5|Outstanding|"Business travelers"|"Queen Room With View"|"zh"|ç’°å¢ƒé‚„å¯ä»¥çš„|"2020-05-18 23:59:00"|0|2
416433438|"320243****"|"Guixianseng"|5|5|5|5|5|Outstanding|"Business travelers"|"Superior Double Room"|"zh"|å¾ˆå¥½å¾ˆå¥½å¾ˆå¥½|"2020-05-07 23:59:00"|0|2
419609517|"san****"|"TSYtaishiye"|5|5|5|5|5|Outstanding|"Business travelers"|"Queen Room With View"|"zh"|ç’°å¢ƒéå¸¸å¥½|"2020-06-10 23:59:00"|0|2
412117519|"M10844****"|"GuestUser"|5|5|5|5|5|Outstanding|"Business travelers"|"Queen Room With View"|"zh"|æˆ¿é–“ä¹¾æ·¨æœå‹™å¥½|"2020-01-19 23:59:00"|0|2
415077469|"201586****"|"GuestUser"|5|5|5|5|5|Outstanding|"Business travelers"|"Single Room"|"zh"|ä¸Šåœ°é™„è¿‘æœ€å¥½é¸æ“‡|"2019-12-12 23:59:00"|0|1
410916211|"px****"|"GuestUser"|4.5|4|5|5|4|Very Good|"Other"|"Superior Double Room"|"zh"|è‡¨æ™‚è½è…³ä¸éŒ¯|"2020-01-21 23:59:00"|0|1
412429949|"1391171****"|"Yourandechao"|5|5|5|5|5|Outstanding|"Business travelers"|"Queen Room With View"|"zh"|æŒºå¥½ï¼Œé‚„ä¸éŒ¯|"2019-11-10 23:59:00"|0|2
411471199|"_WeChat238439****"|"GuestUser"|4|3|3|5|5|Good|"Couples"|"Superior Double Room"|"zh"|å°å°å°å°å°|"2019-12-20 23:59:00"|0|2
